-- --------------------------------------------------------
-- Servidor:                     127.0.0.1
-- Versão do servidor:           8.0.25 - MySQL Community Server - GPL
-- OS do Servidor:               Win64
-- HeidiSQL Versão:              11.2.0.6213
-- --------------------------------------------------------

/*!40101 SET @OLD_CHARACTER_SET_CLIENT=@@CHARACTER_SET_CLIENT */;
/*!40101 SET NAMES utf8 */;
/*!50503 SET NAMES utf8mb4 */;
/*!40014 SET @OLD_FOREIGN_KEY_CHECKS=@@FOREIGN_KEY_CHECKS, FOREIGN_KEY_CHECKS=0 */;
/*!40101 SET @OLD_SQL_MODE=@@SQL_MODE, SQL_MODE='NO_AUTO_VALUE_ON_ZERO' */;
/*!40111 SET @OLD_SQL_NOTES=@@SQL_NOTES, SQL_NOTES=0 */;


-- Copiando estrutura do banco de dados para db_sa
CREATE DATABASE IF NOT EXISTS `db_sa` /*!40100 DEFAULT CHARACTER SET utf8 */ /*!80016 DEFAULT ENCRYPTION='N' */;
USE `db_sa`;

-- Copiando estrutura para tabela db_sa.apartamentos
CREATE TABLE IF NOT EXISTS `apartamentos` (
  `id` int unsigned NOT NULL AUTO_INCREMENT,
  `torre` varchar(45) NOT NULL,
  `apartamento` varchar(45) NOT NULL,
  `usuario_id` int unsigned DEFAULT NULL,
  PRIMARY KEY (`id`),
  KEY `FK_apartamentos_usuarios` (`usuario_id`),
  CONSTRAINT `FK_apartamentos_usuarios` FOREIGN KEY (`usuario_id`) REFERENCES `usuarios` (`id`) ON DELETE SET NULL ON UPDATE SET NULL
) ENGINE=InnoDB AUTO_INCREMENT=257 DEFAULT CHARSET=utf8mb3;

-- Copiando dados para a tabela db_sa.apartamentos: ~256 rows (aproximadamente)
DELETE FROM `apartamentos`;
/*!40000 ALTER TABLE `apartamentos` DISABLE KEYS */;
INSERT INTO `apartamentos` (`id`, `torre`, `apartamento`, `usuario_id`) VALUES
	(1, 'A', '101', NULL),
	(2, 'A', '102', 4),
	(3, 'A', '103', 5),
	(4, 'A', '104', 6),
	(5, 'A', '201', 7),
	(6, 'A', '202', 8),
	(7, 'A', '203', 9),
	(8, 'A', '204', 10),
	(9, 'A', '301', 11),
	(10, 'A', '302', 12),
	(11, 'A', '303', 13),
	(12, 'A', '304', 14),
	(13, 'A', '401', 15),
	(14, 'A', '402', 16),
	(15, 'A', '403', 17),
	(16, 'A', '404', 18),
	(17, 'A', '501', 19),
	(18, 'A', '502', 20),
	(19, 'A', '503', 21),
	(20, 'A', '504', 22),
	(21, 'A', '601', 23),
	(22, 'A', '602', 24),
	(23, 'A', '603', 25),
	(24, 'A', '604', 26),
	(25, 'A', '701', 27),
	(26, 'A', '702', 28),
	(27, 'A', '703', 29),
	(28, 'A', '704', 30),
	(29, 'A', '801', 31),
	(30, 'A', '802', 32),
	(31, 'A', '803', 33),
	(32, 'A', '804', 34),
	(33, 'B', '101', 35),
	(34, 'B', '102', 36),
	(35, 'B', '103', 37),
	(36, 'B', '104', 38),
	(37, 'B', '201', 39),
	(38, 'B', '202', 40),
	(39, 'B', '203', 41),
	(40, 'B', '204', 42),
	(41, 'B', '301', 43),
	(42, 'B', '302', 44),
	(43, 'B', '303', 45),
	(44, 'B', '304', 46),
	(45, 'B', '401', 47),
	(46, 'B', '402', 48),
	(47, 'B', '403', 49),
	(48, 'B', '404', 50),
	(49, 'B', '501', 51),
	(50, 'B', '502', 52),
	(51, 'B', '503', 53),
	(52, 'B', '504', 54),
	(53, 'B', '601', 55),
	(54, 'B', '602', 56),
	(55, 'B', '603', 57),
	(56, 'B', '604', 58),
	(57, 'B', '701', 59),
	(58, 'B', '702', 60),
	(59, 'B', '703', 61),
	(60, 'B', '704', 62),
	(61, 'B', '801', 63),
	(62, 'B', '802', 64),
	(63, 'B', '803', 65),
	(64, 'B', '804', 66),
	(65, 'C', '101', 67),
	(66, 'C', '102', 68),
	(67, 'C', '103', 69),
	(68, 'C', '104', 70),
	(69, 'C', '201', 71),
	(70, 'C', '202', 72),
	(71, 'C', '203', 73),
	(72, 'C', '204', 74),
	(73, 'C', '301', 75),
	(74, 'C', '302', 76),
	(75, 'C', '303', 77),
	(76, 'C', '304', 78),
	(77, 'C', '401', 79),
	(78, 'C', '402', 80),
	(79, 'C', '403', 81),
	(80, 'C', '404', 82),
	(81, 'C', '501', 83),
	(82, 'C', '502', 84),
	(83, 'C', '503', 85),
	(84, 'C', '504', 86),
	(85, 'C', '601', 87),
	(86, 'C', '602', 88),
	(87, 'C', '603', 89),
	(88, 'C', '604', 90),
	(89, 'C', '701', 91),
	(90, 'C', '702', 92),
	(91, 'C', '703', 93),
	(92, 'C', '704', 94),
	(93, 'C', '801', 95),
	(94, 'C', '802', 96),
	(95, 'C', '803', 97),
	(96, 'C', '804', 98),
	(97, 'D', '101', 99),
	(98, 'D', '102', 100),
	(99, 'D', '103', 101),
	(100, 'D', '104', 102),
	(101, 'D', '201', 103),
	(102, 'D', '202', 104),
	(103, 'D', '203', 105),
	(104, 'D', '204', 106),
	(105, 'D', '301', 107),
	(106, 'D', '302', 108),
	(107, 'D', '303', 109),
	(108, 'D', '304', 110),
	(109, 'D', '401', 111),
	(110, 'D', '402', 112),
	(111, 'D', '403', 113),
	(112, 'D', '404', 114),
	(113, 'D', '501', 115),
	(114, 'D', '502', 116),
	(115, 'D', '503', 117),
	(116, 'D', '504', 118),
	(117, 'D', '601', 119),
	(118, 'D', '602', 120),
	(119, 'D', '603', 121),
	(120, 'D', '604', 122),
	(121, 'D', '701', 123),
	(122, 'D', '702', 124),
	(123, 'D', '703', 125),
	(124, 'D', '704', 126),
	(125, 'D', '801', 127),
	(126, 'D', '802', 128),
	(127, 'D', '803', 129),
	(128, 'D', '804', 130),
	(129, 'E', '101', 131),
	(130, 'E', '102', 132),
	(131, 'E', '103', 133),
	(132, 'E', '104', 134),
	(133, 'E', '201', 135),
	(134, 'E', '202', 136),
	(135, 'E', '203', 137),
	(136, 'E', '204', 138),
	(137, 'E', '301', 139),
	(138, 'E', '302', 140),
	(139, 'E', '303', 141),
	(140, 'E', '304', 142),
	(141, 'E', '401', 143),
	(142, 'E', '402', 144),
	(143, 'E', '403', 145),
	(144, 'E', '404', 146),
	(145, 'E', '501', 147),
	(146, 'E', '502', 148),
	(147, 'E', '503', 149),
	(148, 'E', '504', 150),
	(149, 'E', '601', 151),
	(150, 'E', '602', 152),
	(151, 'E', '603', 153),
	(152, 'E', '604', 154),
	(153, 'E', '701', 155),
	(154, 'E', '702', 156),
	(155, 'E', '703', 157),
	(156, 'E', '704', 158),
	(157, 'E', '801', 159),
	(158, 'E', '802', 160),
	(159, 'E', '803', 161),
	(160, 'E', '804', 162),
	(161, 'F', '101', 163),
	(162, 'F', '102', 164),
	(163, 'F', '103', 165),
	(164, 'F', '104', 166),
	(165, 'F', '201', 167),
	(166, 'F', '202', 168),
	(167, 'F', '203', 169),
	(168, 'F', '204', 170),
	(169, 'F', '301', 171),
	(170, 'F', '302', 172),
	(171, 'F', '303', 173),
	(172, 'F', '304', 174),
	(173, 'F', '401', 175),
	(174, 'F', '402', 176),
	(175, 'F', '403', 177),
	(176, 'F', '404', 178),
	(177, 'F', '501', 179),
	(178, 'F', '502', 180),
	(179, 'F', '503', 181),
	(180, 'F', '504', 182),
	(181, 'F', '601', 183),
	(182, 'F', '602', 184),
	(183, 'F', '603', 185),
	(184, 'F', '604', 186),
	(185, 'F', '701', 187),
	(186, 'F', '702', 188),
	(187, 'F', '703', 189),
	(188, 'F', '704', 190),
	(189, 'F', '801', 191),
	(190, 'F', '802', 192),
	(191, 'F', '803', 193),
	(192, 'F', '804', 194),
	(193, 'G', '101', 195),
	(194, 'G', '102', 196),
	(195, 'G', '103', 197),
	(196, 'G', '104', 198),
	(197, 'G', '201', 199),
	(198, 'G', '202', 200),
	(199, 'G', '203', 201),
	(200, 'G', '204', NULL),
	(201, 'G', '301', NULL),
	(202, 'G', '302', NULL),
	(203, 'G', '303', NULL),
	(204, 'G', '304', NULL),
	(205, 'G', '401', NULL),
	(206, 'G', '402', NULL),
	(207, 'G', '403', NULL),
	(208, 'G', '404', NULL),
	(209, 'G', '501', NULL),
	(210, 'G', '502', NULL),
	(211, 'G', '503', NULL),
	(212, 'G', '504', NULL),
	(213, 'G', '601', NULL),
	(214, 'G', '602', NULL),
	(215, 'G', '603', NULL),
	(216, 'G', '604', NULL),
	(217, 'G', '701', NULL),
	(218, 'G', '702', NULL),
	(219, 'G', '703', NULL),
	(220, 'G', '704', NULL),
	(221, 'G', '801', NULL),
	(222, 'G', '802', NULL),
	(223, 'G', '803', NULL),
	(224, 'G', '804', NULL),
	(225, 'G', '101', NULL),
	(226, 'H', '102', NULL),
	(227, 'H', '103', NULL),
	(228, 'H', '104', NULL),
	(229, 'H', '201', NULL),
	(230, 'H', '202', NULL),
	(231, 'H', '203', NULL),
	(232, 'H', '204', NULL),
	(233, 'H', '301', NULL),
	(234, 'H', '302', NULL),
	(235, 'H', '303', NULL),
	(236, 'H', '304', NULL),
	(237, 'H', '401', NULL),
	(238, 'H', '402', NULL),
	(239, 'H', '403', NULL),
	(240, 'H', '404', NULL),
	(241, 'H', '501', NULL),
	(242, 'H', '502', NULL),
	(243, 'H', '503', NULL),
	(244, 'H', '504', NULL),
	(245, 'H', '601', NULL),
	(246, 'H', '602', NULL),
	(247, 'H', '603', NULL),
	(248, 'H', '604', NULL),
	(249, 'H', '701', NULL),
	(250, 'H', '702', NULL),
	(251, 'H', '703', NULL),
	(252, 'H', '704', NULL),
	(253, 'H', '801', NULL),
	(254, 'H', '802', NULL);
/*!40000 ALTER TABLE `apartamentos` ENABLE KEYS */;

-- Copiando estrutura para tabela db_sa.encomendas
CREATE TABLE IF NOT EXISTS `encomendas` (
  `id` int unsigned NOT NULL AUTO_INCREMENT,
  `morador_id` int unsigned DEFAULT NULL,
  `destinatario` varchar(100) CHARACTER SET utf8 COLLATE utf8_general_ci NOT NULL,
  `remetente` varchar(100) CHARACTER SET utf8 COLLATE utf8_general_ci NOT NULL,
  `data_recebimento` datetime NOT NULL,
  `data_entrega` datetime DEFAULT NULL,
  `observacao` text CHARACTER SET utf8 COLLATE utf8_general_ci,
  `porteiro_recebeu` int unsigned DEFAULT NULL,
  `porteiro_entregou` int unsigned DEFAULT NULL,
  PRIMARY KEY (`id`),
  KEY `FK_encomendas_porteiro_recebeu` (`porteiro_recebeu`),
  KEY `FK_encomendas_porteiro_entregou` (`porteiro_entregou`),
  KEY `FK_encomendas_moradores` (`morador_id`),
  CONSTRAINT `FK_encomendas_moradores` FOREIGN KEY (`morador_id`) REFERENCES `moradores` (`id`),
  CONSTRAINT `FK_encomendas_porteiro_entregou` FOREIGN KEY (`porteiro_entregou`) REFERENCES `usuarios` (`id`),
  CONSTRAINT `FK_encomendas_porteiro_recebeu` FOREIGN KEY (`porteiro_recebeu`) REFERENCES `usuarios` (`id`)
) ENGINE=InnoDB AUTO_INCREMENT=105 DEFAULT CHARSET=utf8mb3;

-- Copiando dados para a tabela db_sa.encomendas: ~200 rows (aproximadamente)
DELETE FROM `encomendas`;
/*!40000 ALTER TABLE `encomendas` DISABLE KEYS */;
INSERT INTO `encomendas` (`id`, `morador_id`, `destinatario`, `remetente`, `data_recebimento`, `data_entrega`, `observacao`, `porteiro_recebeu`, `porteiro_entregou`) VALUES
	(1, NULL, 'Ishmael Rodriquez', 'Nam Interdum Industries', '2021-07-13 00:00:00', NULL, NULL, 3, NULL),
	(2, 160, 'Meredith Lowe', 'Suspendisse Ac Metus Consulting', '2021-07-16 00:00:00', NULL, NULL, 3, NULL),
	(3, 232, 'Jonah Allen', 'Enim Mi Tempor Corporation', '2021-07-11 00:00:00', NULL, NULL, 3, NULL),
	(4, 298, 'Guy Ochoa', 'Sit Limited', '2021-07-03 00:00:00', NULL, NULL, 3, NULL),
	(5, 261, 'Rachel Hickman', 'Fringilla Inc.', '2021-07-15 00:00:00', NULL, NULL, 3, NULL),
	(6, NULL, 'Carl Mcgowan', 'Non Massa LLP', '2021-07-09 00:00:00', NULL, NULL, 3, NULL),
	(7, 261, 'Herman Rice', 'Lorem Eget Mollis Incorporated', '2021-07-16 00:00:00', NULL, NULL, 3, NULL),
	(8, 106, 'Liberty Martinez', 'Mi Tempor Institute', '2021-07-09 00:00:00', NULL, NULL, 3, NULL),
	(9, 497, 'William Mosley', 'Lobortis Risus LLC', '2021-07-15 00:00:00', NULL, NULL, 3, NULL),
	(10, 333, 'Serena Melton', 'Eu Nulla Foundation', '2021-07-03 00:00:00', NULL, NULL, 3, NULL),
	(11, 307, 'Jared Ryan', 'Et Industries', '2021-07-14 00:00:00', NULL, NULL, 3, NULL),
	(12, 163, 'Xanthus Robbins', 'Lorem Semper Associates', '2021-07-10 00:00:00', NULL, NULL, 3, NULL),
	(13, 148, 'Sasha Mcintosh', 'Diam Lorem Auctor Limited', '2021-07-13 00:00:00', NULL, NULL, 3, NULL),
	(14, 151, 'Audrey Powell', 'Nascetur Ridiculus Mus Limited', '2021-07-09 00:00:00', NULL, NULL, 3, NULL),
	(15, 5, 'Tana Weiss', 'Sed Facilisis PC', '2021-07-08 00:00:00', NULL, NULL, 3, NULL),
	(16, 478, 'Britanney Pollard', 'Turpis Nulla Aliquet Ltd', '2021-07-13 00:00:00', NULL, NULL, 3, NULL),
	(18, 445, 'Sybill Willis', 'Vitae Dolor Donec Industries', '2021-07-10 00:00:00', NULL, NULL, 3, NULL),
	(19, 31, 'Acton Ramirez', 'Eget Ipsum Limited', '2021-07-02 00:00:00', NULL, NULL, 3, NULL),
	(20, 349, 'Katell Greer', 'Tellus Associates', '2021-07-01 00:00:00', NULL, NULL, 3, NULL),
	(21, 231, 'Maggy Donaldson', 'Imperdiet Corp.', '2021-07-04 00:00:00', NULL, NULL, 3, NULL),
	(22, 336, 'Ava Gallagher', 'Dolor Quisque Tincidunt LLP', '2021-07-14 00:00:00', NULL, NULL, 3, NULL),
	(23, 47, 'Chaim Kerr', 'Ornare Foundation', '2021-07-01 00:00:00', NULL, NULL, 3, NULL),
	(24, 459, 'Neve Snow', 'Nunc Company', '2021-07-02 00:00:00', NULL, NULL, 3, NULL),
	(25, 312, 'Portia Haynes', 'Egestas Hendrerit Limited', '2021-07-08 00:00:00', NULL, NULL, 3, NULL),
	(26, 71, 'Whilemina Serrano', 'Tempor Lorem Eget LLC', '2021-07-10 00:00:00', NULL, NULL, 3, NULL),
	(27, 152, 'India Pitts', 'Nunc Sit Amet Foundation', '2021-07-08 00:00:00', NULL, NULL, 3, NULL),
	(28, 390, 'Zeph Allen', 'Ac Corporation', '2021-07-14 00:00:00', NULL, NULL, 3, NULL),
	(29, 151, 'Yetta Goff', 'Consectetuer Rhoncus Nullam Corporation', '2021-07-09 00:00:00', NULL, NULL, 3, NULL),
	(30, 289, 'Gail Floyd', 'Id Mollis Company', '2021-07-16 00:00:00', NULL, NULL, 3, NULL),
	(31, 218, 'Jesse Clay', 'Leo Limited', '2021-07-02 00:00:00', NULL, NULL, 3, NULL),
	(32, 317, 'Conan Benjamin', 'Ullamcorper Nisl PC', '2021-07-05 00:00:00', NULL, NULL, 3, NULL),
	(33, 255, 'Beatrice Salazar', 'Nonummy Fusce Fermentum Foundation', '2021-07-04 00:00:00', NULL, NULL, 3, NULL),
	(34, 170, 'Maggie Mcmahon', 'Volutpat Limited', '2021-07-15 00:00:00', NULL, NULL, 3, NULL),
	(35, 350, 'Ella Brady', 'Nunc Laoreet Lectus Inc.', '2021-07-14 00:00:00', NULL, NULL, 3, NULL),
	(36, 99, 'Brody Shields', 'Lacus LLP', '2021-07-02 00:00:00', NULL, NULL, 3, NULL),
	(37, 260, 'Ross Molina', 'Nonummy Ipsum Non Ltd', '2021-07-11 00:00:00', NULL, NULL, 3, NULL),
	(38, 22, 'Stone Miller', 'Semper Ltd', '2021-07-10 00:00:00', NULL, NULL, 3, NULL),
	(39, 451, 'Ivory Huff', 'Dis Institute', '2021-07-12 00:00:00', NULL, NULL, 3, NULL),
	(40, 312, 'Fredericka Weeks', 'Congue Elit Industries', '2021-07-14 00:00:00', NULL, NULL, 3, NULL),
	(41, 230, 'Hadley Coleman', 'Lacus Cras Industries', '2021-07-12 00:00:00', NULL, NULL, 3, NULL),
	(42, 296, 'Signe Mcneil', 'Magnis Dis Incorporated', '2021-07-15 00:00:00', NULL, NULL, 3, NULL),
	(43, 148, 'Malachi Valentine', 'Nam Company', '2021-07-13 00:00:00', NULL, NULL, 3, NULL),
	(44, 369, 'Jorden Mercer', 'Taciti Sociosqu Ad Limited', '2021-07-06 00:00:00', NULL, NULL, 3, NULL),
	(45, 265, 'Quamar Lawrence', 'Mollis Institute', '2021-07-09 00:00:00', NULL, NULL, 3, NULL),
	(46, 125, 'Thane Thompson', 'Taciti LLP', '2021-07-14 00:00:00', NULL, NULL, 3, NULL),
	(47, 160, 'Clarke Buck', 'Turpis Vitae Purus LLC', '2021-07-10 00:00:00', NULL, NULL, 3, NULL),
	(48, 205, 'Hunter Roy', 'Blandit Congue In PC', '2021-07-01 00:00:00', NULL, NULL, 3, NULL),
	(49, 439, 'Thor Byrd', 'Nunc Mauris Morbi LLP', '2021-07-04 00:00:00', NULL, NULL, 3, NULL),
	(50, 278, 'Alyssa Robles', 'Dolor Tempus Non Limited', '2021-07-08 00:00:00', NULL, NULL, 3, NULL),
	(51, 380, 'Grady Mcfarland', 'Integer Eu Lacus Institute', '2021-07-13 00:00:00', NULL, NULL, 3, NULL),
	(52, 166, 'Nathaniel Myers', 'Turpis Vitae LLC', '2021-07-01 00:00:00', NULL, NULL, 3, NULL),
	(53, 134, 'Aidan Abbott', 'Enim Nunc Ut Associates', '2021-07-03 00:00:00', NULL, NULL, 3, NULL),
	(54, 193, 'Gretchen Mcdaniel', 'Vehicula Et Corporation', '2021-07-01 00:00:00', NULL, NULL, 3, NULL),
	(55, 78, 'Ivor Vaughn', 'Molestie Sodales Associates', '2021-07-04 00:00:00', NULL, NULL, 3, NULL),
	(56, 331, 'Drake Todd', 'Aliquam Foundation', '2021-07-16 00:00:00', NULL, NULL, 3, NULL),
	(57, 264, 'Whoopi Moss', 'Sed Eget Lacus Institute', '2021-07-15 00:00:00', NULL, NULL, 3, NULL),
	(58, 327, 'Hyacinth Mckinney', 'Ut Foundation', '2021-07-12 00:00:00', NULL, NULL, 3, NULL),
	(59, 455, 'Ima King', 'At Lacus Quisque LLC', '2021-07-15 00:00:00', NULL, NULL, 3, NULL),
	(60, 109, 'Urielle Garner', 'Porttitor Tellus Non LLP', '2021-07-13 00:00:00', NULL, NULL, 3, NULL),
	(61, 489, 'Sade Lucas', 'Semper Dui Ltd', '2021-07-12 00:00:00', NULL, NULL, 3, NULL),
	(62, 259, 'Abdul Briggs', 'Velit Cras Lorem Company', '2021-07-02 00:00:00', NULL, NULL, 3, NULL),
	(63, 241, 'Lois Estrada', 'Semper Nam Company', '2021-07-11 00:00:00', NULL, NULL, 3, NULL),
	(64, 118, 'Zenaida Stokes', 'Varius Incorporated', '2021-07-10 00:00:00', NULL, NULL, 3, NULL),
	(66, 329, 'Clayton Richards', 'Morbi Quis Company', '2021-07-15 00:00:00', NULL, NULL, 3, NULL),
	(67, 275, 'Harper Kim', 'Euismod Foundation', '2021-07-07 00:00:00', NULL, NULL, 3, NULL),
	(68, 277, 'Laura Leonard', 'Posuere Ltd', '2021-07-03 00:00:00', NULL, NULL, 3, NULL),
	(69, 39, 'Ramona Velasquez', 'Donec Luctus Corporation', '2021-07-01 00:00:00', NULL, NULL, 3, NULL),
	(70, 307, 'Ferdinand Shepherd', 'Tempor Erat Neque PC', '2021-07-07 00:00:00', NULL, NULL, 3, NULL),
	(71, 427, 'Caldwell Macdonald', 'Eu Euismod Ac Industries', '2021-07-12 00:00:00', NULL, NULL, 3, NULL),
	(72, 156, 'Amelia Stein', 'Tristique Limited', '2021-07-13 00:00:00', NULL, NULL, 3, NULL),
	(73, 76, 'Vincent Johnson', 'Aliquam Auctor Associates', '2021-07-14 00:00:00', NULL, NULL, 3, NULL),
	(74, 104, 'Thane Mccormick', 'Fringilla Foundation', '2021-07-11 00:00:00', NULL, NULL, 3, NULL),
	(75, 465, 'Olympia Wong', 'Rutrum Limited', '2021-07-07 00:00:00', NULL, NULL, 3, NULL),
	(76, 228, 'Cherokee Acosta', 'A PC', '2021-07-09 00:00:00', NULL, NULL, 3, NULL),
	(77, 463, 'Paula Palmer', 'Magna Corporation', '2021-07-02 00:00:00', NULL, NULL, 3, NULL),
	(78, 336, 'Owen Kelly', 'Dignissim Associates', '2021-07-01 00:00:00', NULL, NULL, 3, NULL),
	(79, 101, 'Troy Head', 'Tincidunt Congue Turpis Incorporated', '2021-07-09 00:00:00', NULL, NULL, 3, NULL),
	(80, 431, 'Magee Warren', 'Cursus Nunc Institute', '2021-07-12 00:00:00', NULL, NULL, 3, NULL),
	(81, 217, 'Chaney King', 'Sit Amet Ltd', '2021-07-06 00:00:00', NULL, NULL, 3, NULL),
	(82, 21, 'Melvin Navarro', 'Cras Limited', '2021-07-16 00:00:00', NULL, NULL, 3, NULL),
	(83, 193, 'Keane Medina', 'Dictum Placerat Augue Consulting', '2021-07-15 00:00:00', NULL, NULL, 3, NULL),
	(84, 391, 'Hu Cash', 'Egestas Corp.', '2021-07-06 00:00:00', NULL, NULL, 3, NULL),
	(85, 118, 'Ivy Aguirre', 'Et Industries', '2021-07-10 00:00:00', NULL, NULL, 3, NULL),
	(86, 93, 'Moana Wheeler', 'Posuere Foundation', '2021-07-14 00:00:00', NULL, NULL, 3, NULL),
	(87, 5, 'Tanek Molina', 'Nunc Mauris Morbi Industries', '2021-07-15 00:00:00', NULL, NULL, 3, NULL),
	(88, 337, 'Brock Ramirez', 'Sociis Natoque Penatibus LLC', '2021-07-03 00:00:00', NULL, NULL, 3, NULL),
	(89, 478, 'Noble Wiggins', 'Neque Et Nunc Ltd', '2021-07-01 00:00:00', NULL, NULL, 3, NULL),
	(90, 204, 'Candice Pierce', 'Ac Associates', '2021-07-12 00:00:00', NULL, NULL, 3, NULL),
	(91, 274, 'Sydney Spence', 'Pellentesque Company', '2021-07-14 00:00:00', NULL, NULL, 3, NULL),
	(92, 164, 'Scott Poole', 'Dictum Proin Eget LLP', '2021-07-10 00:00:00', NULL, NULL, 3, NULL),
	(93, 273, 'Ivor Jacobson', 'Aenean Industries', '2021-07-05 00:00:00', NULL, NULL, 3, NULL),
	(94, 366, 'Frances Chang', 'Duis Sit Amet Industries', '2021-07-14 00:00:00', NULL, NULL, 3, NULL),
	(95, 257, 'Maia Patterson', 'Purus Institute', '2021-07-09 00:00:00', NULL, NULL, 3, NULL),
	(96, 1, 'Regina Jimenez', 'At Risus Nunc Consulting', '2021-07-04 00:00:00', NULL, NULL, 3, NULL),
	(97, 494, 'Yasir Chase', 'Sodales Mauris Blandit Corporation', '2021-07-14 00:00:00', NULL, NULL, 3, NULL),
	(98, 233, 'Maggie Foley', 'Eu Nibh LLC', '2021-07-15 00:00:00', NULL, NULL, 3, NULL),
	(99, 177, 'Ayanna Moses', 'Elit A Feugiat PC', '2021-07-15 00:00:00', NULL, NULL, 3, NULL),
	(100, 402, 'Kelsie Cunningham', 'Phasellus Inc.', '2021-07-16 00:00:00', NULL, NULL, 3, NULL),
	(101, 1, 'Abgail', 'Correios', '2021-07-16 14:17:00', '2021-07-16 14:41:00', 'Caixa muito grande.', 1, 1),
	(102, 2, 'Reece Valdez', 'Mercado Livre', '2021-07-16 14:25:00', '2021-07-16 14:41:00', 'Moradora está viajando.', 1, 1);
/*!40000 ALTER TABLE `encomendas` ENABLE KEYS */;

-- Copiando estrutura para tabela db_sa.moradores
CREATE TABLE IF NOT EXISTS `moradores` (
  `id` int unsigned NOT NULL AUTO_INCREMENT,
  `nome` varchar(100) NOT NULL,
  `sobrenome` varchar(100) NOT NULL,
  `documento` varchar(20) CHARACTER SET utf8 COLLATE utf8_general_ci NOT NULL,
  `nascimento` date NOT NULL,
  `email` varchar(100) NOT NULL,
  `telefone` varchar(15) NOT NULL,
  `usuario_id` int unsigned DEFAULT NULL,
  `apartamento_id` int unsigned DEFAULT NULL,
  `data_entrada` date DEFAULT NULL,
  `data_saida` date DEFAULT NULL,
  PRIMARY KEY (`id`),
  KEY `FK_moradores_usuarios` (`usuario_id`),
  KEY `FK_moradores_apartamentos` (`apartamento_id`),
  CONSTRAINT `FK_moradores_apartamentos` FOREIGN KEY (`apartamento_id`) REFERENCES `apartamentos` (`id`),
  CONSTRAINT `FK_moradores_usuarios` FOREIGN KEY (`usuario_id`) REFERENCES `usuarios` (`id`)
) ENGINE=InnoDB AUTO_INCREMENT=500 DEFAULT CHARSET=utf8mb3;

-- Copiando dados para a tabela db_sa.moradores: ~400 rows (aproximadamente)
DELETE FROM `moradores`;
/*!40000 ALTER TABLE `moradores` DISABLE KEYS */;
INSERT INTO `moradores` (`id`, `nome`, `sobrenome`, `documento`, `nascimento`, `email`, `telefone`, `usuario_id`, `apartamento_id`, `data_entrada`, `data_saida`) VALUES
	(1, 'Abigail', 'Atkinson', '970.266.059-01', '2014-09-11', 'Integer.urna.Vivamus@tellusNunc.ca', '(13)02032-9682', 4, 2, '2021-03-30', NULL),
	(2, 'Reece', 'Valdez', '043.158.165-91', '1944-06-21', 'at@habitantmorbitristique.ca', '(18)83085-6072', 5, 3, '2021-04-11', NULL),
	(3, 'Cooper', 'Sellers', '895.376.608-89', '2000-08-26', 'justo.Praesent.luctus@et.com', '(34)98515-2203', 6, 4, '2021-06-12', NULL),
	(4, 'Arthur', 'Dixon', '078.118.579-99', '2015-11-11', 'aptent.taciti.sociosqu@risusIn.ca', '(71)59700-8627', 7, 5, '2021-06-13', NULL),
	(5, 'Cassidy', 'Russo', '491.791.384-28', '2006-01-03', 'tincidunt.orci@egestaslacinia.com', '(20)67481-3966', 8, 6, '2021-04-03', NULL),
	(6, 'Maite', 'Jordan', '423.825.030-49', '1982-01-22', 'magna.malesuada.vel@quam.net', '(27)98533-0038', 9, 7, '2021-01-28', NULL),
	(7, 'Blossom', 'Spencer', '806.817.600-07', '1996-09-17', 'nec.quam.Curabitur@dis.com', '(91)19254-1078', 10, 8, '2021-06-07', NULL),
	(8, 'Yvette', 'Baird', '784.480.930-15', '1999-06-19', 'id@nuncQuisqueornare.edu', '(02)65820-7526', 11, 9, '2021-04-21', NULL),
	(9, 'Camden', 'Buckley', '147.620.906-70', '1982-01-09', 'dolor.dapibus@interdumNunc.net', '(28)61872-9450', 12, 10, '2021-02-23', NULL),
	(10, 'Echo', 'Larsen', '149.036.314-28', '1973-11-27', 'magna.sed.dui@pedenec.com', '(97)89368-5743', 13, 11, '2021-04-15', NULL),
	(11, 'Valentine', 'Bradford', '525.128.355-21', '1990-01-07', 'at.sem.molestie@dui.org', '(23)40692-4182', 14, 12, '2021-01-19', NULL),
	(12, 'Mason', 'Witt', '800.214.222-92', '1927-11-24', 'tellus@Cumsociis.edu', '(77)90466-6888', 15, 13, '2021-07-14', NULL),
	(13, 'Wanda', 'Romero', '596.989.409-80', '1961-07-03', 'turpis@ipsumleo.co.uk', '(16)04241-8493', 16, 14, '2021-06-17', NULL),
	(14, 'Amery', 'Jennings', '096.643.686-10', '1940-09-17', 'dui@Loremipsumdolor.co.uk', '(37)10634-3020', 17, 15, '2021-05-20', NULL),
	(15, 'Myles', 'Maxwell', '470.198.877-82', '1976-02-18', 'Cras.vulputate.velit@ligula.edu', '(66)04185-3080', 18, 16, '2021-07-13', NULL),
	(16, 'Ryan', 'Porter', '053.077.119-40', '2013-03-23', 'non.sapien.molestie@mollisPhaselluslibero.edu', '(12)68098-7854', 19, 17, '2021-02-26', NULL),
	(17, 'Hedda', 'Buck', '934.211.776-13', '1945-07-09', 'Fusce.aliquet.magna@Fusce.net', '(82)47512-9136', 20, 18, '2021-03-20', NULL),
	(18, 'Tate', 'Garrison', '566.171.436-45', '1975-09-30', 'semper.dui@Integeridmagna.edu', '(06)86143-5084', 21, 19, '2021-01-21', NULL),
	(19, 'John', 'Chang', '481.334.898-36', '1944-02-19', 'mollis@senectus.co.uk', '(79)06149-1506', 22, 20, '2021-03-15', NULL),
	(20, 'Roanna', 'Bean', '775.972.796-76', '1984-01-11', 'parturient.montes.nascetur@nibhvulputate.com', '(01)79912-6878', 23, 21, '2021-01-29', NULL),
	(21, 'Ezra', 'Carey', '904.314.133-31', '1936-12-04', 'quis.urna.Nunc@enimMauris.com', '(44)19582-3790', 24, 22, '2021-03-10', NULL),
	(22, 'Ramona', 'Osborne', '512.603.375-04', '1955-08-23', 'Aliquam@quam.org', '(28)74655-5957', 25, 23, '2021-04-20', NULL),
	(23, 'Ebony', 'Boyle', '505.499.570-31', '1933-05-24', 'id.magna.et@magna.com', '(88)68097-5030', 26, 24, '2021-02-06', NULL),
	(24, 'Slade', 'Mejia', '811.917.890-07', '1929-08-30', 'sollicitudin@NullafacilisiSed.edu', '(52)98986-6451', 27, 25, '2021-03-06', NULL),
	(25, 'Haley', 'Strong', '733.461.647-64', '1997-05-22', 'Aenean@sodales.org', '(86)21689-1387', 28, 26, '2021-07-03', NULL),
	(26, 'Stephen', 'Bentley', '777.265.195-76', '1988-07-07', 'felis.ullamcorper.viverra@sedfacilisisvitae.co.uk', '(79)32046-4345', 29, 27, '2021-02-09', NULL),
	(27, 'Graham', 'Berg', '487.950.294-94', '1947-10-17', 'imperdiet.non@convallisin.org', '(57)13312-5118', 30, 28, '2021-02-27', NULL),
	(28, 'Mona', 'Goodman', '568.043.570-84', '2014-06-17', 'arcu.imperdiet.ullamcorper@elementumlorem.org', '(51)99788-5916', 31, 29, '2021-03-31', NULL),
	(29, 'Virginia', 'Carver', '890.483.715-72', '1967-10-09', 'sed@velit.edu', '(34)89094-7608', 32, 30, '2021-04-28', NULL),
	(30, 'Stephen', 'Thornton', '360.087.263-66', '1975-06-27', 'ultricies.adipiscing.enim@nisi.org', '(70)54333-8916', 33, 31, '2021-01-03', NULL),
	(31, 'Shay', 'Bartlett', '706.900.700-79', '1988-11-08', 'auctor@rutrumnonhendrerit.co.uk', '(62)28978-1209', 34, 32, '2021-05-17', NULL),
	(32, 'India', 'Rios', '834.835.704-62', '1926-01-25', 'mauris.ut@Nunc.org', '(93)72003-8516', 35, 33, '2021-02-03', NULL),
	(33, 'Connor', 'Puckett', '600.786.103-23', '1928-07-30', 'ornare.placerat@faucibusutnulla.ca', '(78)77167-3608', 36, 34, '2021-05-04', NULL),
	(34, 'Ivor', 'Valentine', '452.554.417-34', '1944-08-29', 'amet@rhoncusDonecest.org', '(61)95679-2588', 37, 35, '2021-04-06', NULL),
	(35, 'Candice', 'Haney', '644.222.380-12', '1931-05-31', 'euismod.est.arcu@felispurusac.net', '(80)55516-1517', 38, 36, '2021-01-13', NULL),
	(36, 'Fitzgerald', 'Weber', '461.541.928-76', '1932-12-15', 'nulla.at.sem@enim.ca', '(11)88803-2980', 39, 37, '2021-07-04', NULL),
	(37, 'Ivy', 'Norris', '725.119.163-22', '1936-01-10', 'lorem.eget.mollis@metusAenean.co.uk', '(39)55868-1435', 40, 38, '2021-04-20', NULL),
	(38, 'Roary', 'Flores', '552.401.578-30', '1948-09-14', 'id.enim@augue.net', '(75)37295-0276', 41, 39, '2021-05-02', NULL),
	(39, 'Pandora', 'Daniels', '665.468.373-04', '2000-02-20', 'dignissim@magnaLoremipsum.edu', '(44)49418-0789', 42, 40, '2021-03-13', NULL),
	(40, 'Chandler', 'French', '149.284.066-97', '1980-01-10', 'parturient.montes.nascetur@facilisis.com', '(03)49958-9625', 43, 41, '2021-02-28', NULL),
	(41, 'Aphrodite', 'Robinson', '875.060.300-78', '1987-07-21', 'vulputate.posuere.vulputate@metusAeneansed.edu', '(03)83287-8346', 44, 42, '2021-05-03', NULL),
	(42, 'Benjamin', 'Hodges', '023.354.352-76', '1947-03-25', 'auctor@tellusimperdiet.co.uk', '(10)31651-4226', 45, 43, '2021-04-25', NULL),
	(43, 'Chaim', 'Lloyd', '947.441.778-61', '1946-06-07', 'malesuada.fringilla.est@pellentesqueafacilisis.com', '(16)10869-2262', 46, 44, '2021-01-02', NULL),
	(44, 'Whilemina', 'Caldwell', '127.590.007-89', '2020-01-23', 'Phasellus.vitae.mauris@nonummyutmolestie.co.uk', '(35)35654-0971', 47, 45, '2021-06-03', NULL),
	(45, 'Duncan', 'Frederick', '620.073.563-11', '2021-04-25', 'In@semutcursus.edu', '(52)41459-9994', 48, 46, '2021-04-11', NULL),
	(46, 'Rogan', 'Church', '616.596.665-89', '1939-05-15', 'Nam.nulla.magna@semper.org', '(85)47143-9330', 49, 47, '2021-03-13', NULL),
	(47, 'Kenyon', 'Beck', '013.700.441-63', '1971-07-14', 'malesuada.vel.venenatis@egestas.org', '(55)77836-5184', 50, 48, '2021-07-05', NULL),
	(48, 'Dana', 'Wilder', '638.971.852-67', '1937-09-20', 'at.libero.Morbi@ligulaDonec.com', '(91)25568-9887', 51, 49, '2021-02-16', NULL),
	(49, 'Cynthia', 'Cleveland', '102.852.298-39', '2008-07-22', 'vehicula@amet.edu', '(54)14312-2950', 52, 50, '2021-04-08', NULL),
	(50, 'Eaton', 'Benton', '922.053.222-59', '2013-09-04', 'porttitor@adipiscinglacus.co.uk', '(19)66079-5868', 53, 51, '2021-04-15', NULL),
	(51, 'Hayden', 'Mullins', '990.205.486-72', '2020-03-29', 'mi.tempor.lorem@nulla.net', '(66)73108-0793', 54, 52, '2021-01-14', NULL),
	(52, 'Merritt', 'Turner', '149.174.025-13', '1948-11-19', 'ipsum.porta.elit@tempuseuligula.ca', '(53)33365-2182', 55, 53, '2021-04-28', NULL),
	(53, 'Bert', 'Fischer', '780.468.425-74', '1945-10-21', 'aliquet.magna@Inatpede.com', '(09)51147-6721', 56, 54, '2021-04-05', NULL),
	(54, 'Griffith', 'Hyde', '390.486.058-76', '1945-02-26', 'accumsan@idantedictum.edu', '(98)99576-7806', 57, 55, '2021-06-13', NULL),
	(55, 'Miriam', 'Talley', '301.469.517-69', '1990-03-09', 'Aliquam.erat@dictumsapienAenean.edu', '(38)80305-7821', 58, 56, '2021-05-27', NULL),
	(56, 'Nigel', 'Rios', '361.123.347-55', '1925-01-13', 'eu@Quisqueporttitoreros.co.uk', '(47)76183-6851', 59, 57, '2021-04-25', NULL),
	(57, 'Chastity', 'Wolf', '632.603.665-42', '1922-06-23', 'facilisi@Maecenasiaculisaliquet.edu', '(98)10718-8942', 60, 58, '2021-04-30', NULL),
	(58, 'Calista', 'Larson', '843.508.084-02', '2017-11-12', 'augue@risusQuisquelibero.edu', '(07)24500-0842', 61, 59, '2021-01-21', NULL),
	(59, 'Xandra', 'Cruz', '998.715.501-42', '1979-07-08', 'ultrices@orciadipiscingnon.ca', '(43)05526-2790', 62, 60, '2021-01-13', NULL),
	(60, 'Lydia', 'Reyes', '809.699.148-72', '2010-01-02', 'diam.eu@utipsum.com', '(07)08738-7023', 63, 61, '2021-02-23', NULL),
	(61, 'Patience', 'Cox', '239.687.388-61', '1963-07-18', 'nec@volutpatnuncsit.com', '(86)35383-4495', 64, 62, '2021-06-24', NULL),
	(62, 'Althea', 'Rhodes', '971.863.464-79', '1954-02-13', 'quis.massa.Mauris@dolornonummy.edu', '(88)52485-3004', 65, 63, '2021-02-22', NULL),
	(63, 'Orson', 'Mclean', '644.657.053-96', '1978-03-26', 'dui.nec.tempus@erategettincidunt.com', '(70)97833-2652', 66, 64, '2021-03-03', NULL),
	(64, 'Ann', 'Burt', '847.099.399-43', '1971-10-11', 'ac.facilisis@Donec.co.uk', '(58)51778-2283', 67, 65, '2021-02-21', NULL),
	(65, 'Kaitlin', 'Grant', '796.476.270-55', '1922-01-17', 'diam.nunc.ullamcorper@vehicula.org', '(21)96062-0544', 68, 66, '2021-05-04', NULL),
	(66, 'Alan', 'Koch', '572.782.998-68', '1991-07-14', 'metus@aliquetmagna.ca', '(59)10276-2497', 69, 67, '2021-03-28', NULL),
	(67, 'Calvin', 'Townsend', '733.459.895-07', '1941-01-27', 'et.magnis.dis@Innec.ca', '(40)91323-7029', 70, 68, '2021-05-03', NULL),
	(68, 'Calista', 'Watson', '299.296.069-02', '2002-02-10', 'posuere@nunc.com', '(25)07520-4074', 71, 69, '2021-06-06', NULL),
	(69, 'Lani', 'Potter', '492.390.431-43', '2015-12-25', 'eu@Nullaaliquet.ca', '(58)35654-0799', 72, 70, '2021-07-03', NULL),
	(70, 'Keely', 'Ashley', '400.844.331-99', '2004-01-25', 'condimentum.Donec@inceptos.edu', '(16)37114-8122', 73, 71, '2021-07-01', NULL),
	(71, 'Aspen', 'Moss', '239.988.061-24', '1965-09-04', 'fringilla@accumsan.net', '(65)12203-3826', 74, 72, '2021-01-06', NULL),
	(72, 'Macey', 'Huber', '571.402.478-69', '1956-04-27', 'faucibus@tortorNunc.net', '(10)67244-3359', 75, 73, '2021-06-12', NULL),
	(73, 'Edward', 'Bauer', '856.498.627-78', '1976-05-27', 'blandit.Nam@sociis.com', '(76)35610-2933', 76, 74, '2021-06-24', NULL),
	(74, 'Amir', 'Sherman', '106.791.859-68', '1927-06-27', 'ac@pharetraNam.edu', '(38)60400-4762', 77, 75, '2021-02-25', NULL),
	(75, 'Sonia', 'Martinez', '206.737.205-54', '1957-07-03', 'Integer.tincidunt.aliquam@ornareFusce.edu', '(08)93256-9566', 78, 76, '2021-01-07', NULL),
	(76, 'Kaseem', 'Colon', '303.538.791-19', '1967-03-04', 'eu.eros@mauris.com', '(85)12846-1252', 79, 77, '2021-04-29', NULL),
	(77, 'Hasad', 'Giles', '029.820.036-37', '1988-08-31', 'Maecenas.mi.felis@tellusAenean.edu', '(23)04115-1458', 80, 78, '2021-02-26', NULL),
	(78, 'Hop', 'Gomez', '950.456.351-70', '1942-03-09', 'leo.elementum.sem@dolor.org', '(20)41071-5500', 81, 79, '2021-05-07', NULL),
	(79, 'Sharon', 'Austin', '834.280.174-66', '1932-08-21', 'ligula.Nullam@arcu.co.uk', '(06)48719-7198', 82, 80, '2021-01-20', NULL),
	(80, 'Hamilton', 'Powell', '757.683.579-04', '1987-02-13', 'cursus@egetvenenatisa.edu', '(59)55582-6071', 83, 81, '2021-01-09', NULL),
	(81, 'Idola', 'Spencer', '396.440.497-40', '1920-08-04', 'elit@tellusloremeu.ca', '(89)38607-7368', 84, 82, '2021-05-04', NULL),
	(82, 'Cedric', 'Reid', '016.801.035-79', '1993-12-05', 'venenatis.lacus@nondui.edu', '(00)73734-8943', 85, 83, '2021-04-12', NULL),
	(83, 'Thaddeus', 'Whitaker', '975.068.480-90', '1946-05-04', 'elementum.lorem.ut@facilisisvitae.org', '(96)94098-7089', 86, 84, '2021-01-19', NULL),
	(84, 'Abbot', 'Mcconnell', '958.105.646-11', '1958-10-10', 'nisi.Mauris@eget.ca', '(28)35523-0182', 87, 85, '2021-07-11', NULL),
	(85, 'Inez', 'Valdez', '720.676.163-55', '1951-01-31', 'sit.amet@metusAliquamerat.ca', '(24)29347-1713', 88, 86, '2021-03-21', NULL),
	(86, 'Mona', 'Crane', '274.589.452-80', '1969-08-30', 'odio.sagittis.semper@laciniamattis.com', '(19)21877-5964', 89, 87, '2021-02-11', NULL),
	(87, 'Belle', 'Hudson', '550.324.809-85', '1982-08-06', 'venenatis.lacus.Etiam@Utnec.co.uk', '(66)40730-8213', 90, 88, '2021-07-02', NULL),
	(88, 'Idola', 'Higgins', '105.444.191-61', '2019-02-24', 'libero.Proin.mi@inhendreritconsectetuer.com', '(32)91681-3346', 91, 89, '2021-04-13', NULL),
	(89, 'Callum', 'Holden', '797.580.759-10', '1984-01-16', 'amet.ornare.lectus@Quisqueac.org', '(78)40687-8162', 92, 90, '2021-05-27', NULL),
	(90, 'Kirby', 'Hendricks', '304.629.788-67', '1936-01-24', 'convallis@sit.co.uk', '(58)06394-1880', 93, 91, '2021-06-14', NULL),
	(91, 'Walter', 'Head', '251.004.174-26', '1923-05-28', 'ac.fermentum.vel@Cumsociisnatoque.net', '(77)25633-5630', 94, 92, '2021-05-01', NULL),
	(92, 'Fulton', 'Fletcher', '158.529.933-88', '1995-12-18', 'euismod.est.arcu@facilisis.ca', '(40)00267-0993', 95, 93, '2021-06-14', NULL),
	(93, 'Kermit', 'Donaldson', '510.383.325-27', '1970-08-27', 'erat.vel@Morbi.edu', '(95)38834-9811', 96, 94, '2021-06-03', NULL),
	(94, 'Blaine', 'Salinas', '760.803.246-60', '1958-10-09', 'vulputate.ullamcorper@faucibusorci.co.uk', '(16)94138-9457', 97, 95, '2021-01-15', NULL),
	(95, 'Kermit', 'Warner', '154.871.589-48', '1952-04-25', 'vulputate.dui@auctorvitaealiquet.net', '(37)65118-6105', 98, 96, '2021-02-09', NULL),
	(96, 'Reed', 'Sexton', '643.566.166-87', '1939-09-25', 'dolor.Donec.fringilla@estmauris.net', '(76)31071-6936', 99, 97, '2021-01-23', NULL),
	(97, 'Isabella', 'Taylor', '064.986.247-25', '1961-04-12', 'natoque.penatibus@Aliquamadipiscing.org', '(44)49162-8101', 100, 98, '2021-06-04', NULL),
	(98, 'Leroy', 'Britt', '168.036.189-63', '1934-04-18', 'ornare.egestas@elitEtiamlaoreet.edu', '(01)67177-0813', 101, 99, '2021-05-14', NULL),
	(99, 'Kareem', 'Brennan', '366.365.748-39', '2017-02-04', 'elit.pede@Aliquam.org', '(63)91372-8723', 102, 100, '2021-03-30', NULL),
	(100, 'Idola', 'Kerr', '167.126.940-49', '1971-10-11', 'ligula.Aenean@ultrices.com', '(97)23099-1223', 103, 101, '2021-04-30', NULL),
	(101, 'Melodie', 'May', '346.779.288-63', '1964-02-10', 'condimentum@nisi.org', '(62)29060-9872', 4, 2, '2021-04-16', NULL),
	(102, 'Yvonne', 'Deleon', '609.132.953-55', '1976-01-05', 'adipiscing.elit.Etiam@feugiat.co.uk', '(51)43483-2106', 5, 3, '2021-01-10', NULL),
	(103, 'Kimberley', 'Carlson', '654.719.711-94', '1996-12-20', 'lacus.Aliquam@pretiumnequeMorbi.co.uk', '(54)96304-6351', 6, 4, '2021-02-24', NULL),
	(104, 'Melodie', 'Boyle', '834.604.546-71', '1922-11-18', 'eget.volutpat.ornare@nequeNullamnisl.org', '(21)84857-0521', 7, 5, '2021-01-11', NULL),
	(105, 'Eagan', 'Brady', '859.229.219-25', '1970-07-28', 'non.lobortis.quis@penatibusetmagnis.org', '(45)35189-5450', 8, 6, '2021-01-20', NULL),
	(106, 'Jaime', 'Gay', '226.335.139-93', '2010-02-19', 'Fusce@Nam.org', '(04)07914-5472', 9, 7, '2021-05-19', NULL),
	(107, 'Ramona', 'Buck', '240.911.729-36', '1948-12-18', 'ultricies@turpisvitae.org', '(94)42711-7503', 10, 8, '2021-02-01', NULL),
	(108, 'Rosalyn', 'Gould', '824.694.048-93', '1949-08-03', 'vitae@Donecegestas.com', '(51)78797-2006', 11, 9, '2021-07-03', NULL),
	(109, 'Salvador', 'Odonnell', '977.437.713-55', '2017-12-05', 'orci@eueleifendnec.ca', '(95)06580-4647', 12, 10, '2021-03-02', NULL),
	(110, 'Colby', 'Mays', '584.510.893-54', '1999-05-08', 'consectetuer.euismod.est@duinec.edu', '(45)22279-1576', 13, 11, '2021-03-30', NULL),
	(111, 'Anne', 'Dodson', '685.949.771-56', '1984-06-14', 'elit@estcongue.net', '(67)43861-9745', 14, 12, '2021-01-13', NULL),
	(112, 'Darrel', 'Cruz', '524.396.480-95', '2002-06-30', 'aliquet.magna@eulacus.ca', '(60)93932-3953', 15, 13, '2021-01-15', NULL),
	(113, 'Jade', 'Guy', '438.406.112-34', '1962-09-21', 'Aenean@augueeu.co.uk', '(75)89281-1754', 16, 14, '2021-04-20', NULL),
	(114, 'Gemma', 'Strickland', '409.889.633-12', '1955-12-04', 'mollis@ac.com', '(93)95703-7669', 17, 15, '2021-02-17', NULL),
	(115, 'Germaine', 'Ford', '000.063.198-90', '2003-04-11', 'ullamcorper.viverra.Maecenas@Phasellusdolorelit.edu', '(77)23883-8197', 18, 16, '2021-07-08', NULL),
	(116, 'Whoopi', 'Watts', '527.442.614-62', '1985-02-09', 'vulputate@Utsagittis.ca', '(86)16632-6667', 19, 17, '2021-06-23', NULL),
	(117, 'Cameran', 'Carey', '569.834.382-15', '1990-12-09', 'lectus@nuncnulla.edu', '(06)74242-3938', 20, 18, '2021-01-15', NULL),
	(118, 'Kelsey', 'Buchanan', '066.353.100-19', '1950-12-11', 'arcu.imperdiet.ullamcorper@Phasellus.org', '(89)78784-8358', 21, 19, '2021-01-07', NULL),
	(119, 'Xyla', 'Hinton', '253.017.035-28', '1921-03-13', 'semper.dui.lectus@idlibero.com', '(68)13823-8000', 22, 20, '2021-05-20', NULL),
	(120, 'Rachel', 'Norris', '850.000.203-90', '2012-11-27', 'sem.magna.nec@idsapienCras.org', '(79)84303-1989', 23, 21, '2021-03-06', NULL),
	(121, 'Hasad', 'Hill', '317.295.614-60', '1920-12-25', 'egestas@Suspendisse.ca', '(82)98627-7202', 24, 22, '2021-02-14', NULL),
	(122, 'Ifeoma', 'Pruitt', '400.478.839-90', '1944-04-30', 'porta.elit.a@id.org', '(11)74404-7891', 25, 23, '2021-01-21', NULL),
	(123, 'Duncan', 'Pratt', '983.640.653-04', '1957-03-13', 'sodales.nisi@arcuVivamus.ca', '(67)71053-5321', 26, 24, '2021-05-16', NULL),
	(124, 'Walker', 'Wood', '327.568.438-33', '1997-05-27', 'Nam.ligula.elit@nostra.org', '(79)39079-3864', 27, 25, '2021-04-02', NULL),
	(125, 'Amena', 'Figueroa', '959.511.785-26', '1965-08-01', 'lorem.ut.aliquam@Ut.com', '(87)97594-2315', 28, 26, '2021-07-04', NULL),
	(126, 'Macey', 'Russell', '089.701.253-29', '1988-08-24', 'at.auctor@antebibendum.com', '(18)87206-2956', 29, 27, '2021-06-18', NULL),
	(127, 'Regan', 'Ellis', '340.439.377-22', '1953-09-13', 'ac@consequatauctornunc.co.uk', '(16)77671-2240', 30, 28, '2021-05-11', NULL),
	(128, 'Kylynn', 'Odonnell', '201.745.404-63', '1964-02-03', 'Etiam.bibendum.fermentum@orciconsectetuereuismod.com', '(58)43355-2278', 31, 29, '2021-04-09', NULL),
	(129, 'Reuben', 'Finley', '670.209.351-12', '2004-04-19', 'elit.dictum@nonleoVivamus.co.uk', '(20)88506-9487', 32, 30, '2021-02-07', NULL),
	(130, 'Burton', 'Foley', '589.204.389-18', '1983-09-26', 'Aliquam.tincidunt@leoelementumsem.co.uk', '(57)03248-1604', 33, 31, '2021-05-07', NULL),
	(131, 'Jack', 'Cole', '984.539.454-80', '2018-02-26', 'orci.lacus@sapien.com', '(38)27922-5517', 34, 32, '2021-01-14', NULL),
	(132, 'Blossom', 'Richards', '486.012.605-80', '1959-10-11', 'aliquet@Donecfeugiatmetus.com', '(89)64372-2881', 35, 33, '2021-07-15', NULL),
	(133, 'Davis', 'Mullen', '774.022.899-64', '1921-07-03', 'magna@Morbivehicula.net', '(58)38056-4413', 36, 34, '2021-07-16', NULL),
	(134, 'Russell', 'Parks', '347.159.454-80', '2016-01-20', 'sit@maurisaliquam.com', '(58)63969-1736', 37, 35, '2021-07-11', NULL),
	(135, 'Constance', 'Pratt', '837.936.569-22', '1952-10-13', 'mauris@sitamet.co.uk', '(24)40805-1002', 38, 36, '2021-02-01', NULL),
	(136, 'Briar', 'Vincent', '650.636.211-30', '1938-06-13', 'lacus.varius.et@eudui.co.uk', '(80)15371-6557', 39, 37, '2021-03-26', NULL),
	(137, 'Brett', 'Mooney', '932.113.204-82', '1974-11-13', 'erat.eget.ipsum@nequetellus.edu', '(28)35501-6164', 40, 38, '2021-07-03', NULL),
	(138, 'Xander', 'Branch', '151.417.563-85', '1925-08-11', 'quis.massa@malesuadaid.edu', '(09)43022-3171', 41, 39, '2021-03-07', NULL),
	(139, 'Allistair', 'Rose', '737.413.694-62', '1982-11-13', 'posuere@adui.edu', '(75)87425-0564', 42, 40, '2021-03-17', NULL),
	(140, 'MacKensie', 'Sosa', '385.779.572-63', '1924-09-07', 'tempor.bibendum@enimnonnisi.ca', '(60)49807-5178', 43, 41, '2021-02-18', NULL),
	(141, 'Tad', 'Anderson', '258.277.787-89', '1941-10-25', 'Donec@nibhDonec.com', '(97)54019-8173', 44, 42, '2021-05-06', NULL),
	(142, 'Shelley', 'Clemons', '407.392.811-64', '2005-03-09', 'a.facilisis@duiaugueeu.com', '(14)56536-9231', 45, 43, '2021-03-30', NULL),
	(143, 'Carly', 'Chase', '115.089.914-64', '1976-10-17', 'Integer.urna.Vivamus@porta.com', '(92)95865-8309', 46, 44, '2021-01-28', NULL),
	(144, 'Aubrey', 'Vega', '697.785.650-37', '2021-04-28', 'erat.eget@semut.co.uk', '(13)53017-4260', 47, 45, '2021-05-21', NULL),
	(145, 'Hollee', 'Waller', '436.862.056-06', '2010-11-11', 'aliquam@nonummyutmolestie.org', '(22)12762-0073', 48, 46, '2021-02-03', NULL),
	(146, 'Vincent', 'Graham', '790.306.905-95', '1925-01-12', 'Nulla@Vivamus.edu', '(53)45706-3659', 49, 47, '2021-06-21', NULL),
	(147, 'Karina', 'Vaughn', '034.521.869-21', '2000-05-18', 'eu@metus.co.uk', '(86)97300-4252', 50, 48, '2021-07-03', NULL),
	(148, 'Shad', 'Morrison', '669.701.290-16', '1921-04-24', 'elit@egetvenenatisa.edu', '(31)78005-6730', 51, 49, '2021-04-21', NULL),
	(149, 'Zenaida', 'Woods', '984.982.027-66', '1924-01-18', 'dignissim.pharetra.Nam@ami.net', '(42)85467-5269', 52, 50, '2021-01-15', NULL),
	(150, 'Abigail', 'Wallace', '751.089.378-51', '1961-12-09', 'dictum.mi.ac@facilisiSed.ca', '(91)24160-8062', 53, 51, '2021-04-25', NULL),
	(151, 'Dennis', 'Sandoval', '138.343.848-05', '1973-08-21', 'Donec@anuncIn.ca', '(08)94481-9940', 54, 52, '2021-05-07', NULL),
	(152, 'Rogan', 'Johns', '481.953.818-04', '1948-06-11', 'In@aodio.org', '(56)22060-7876', 55, 53, '2021-07-01', NULL),
	(153, 'Dora', 'Beach', '033.592.041-28', '1992-08-28', 'egestas.Aliquam.fringilla@risusatfringilla.edu', '(51)13778-1670', 56, 54, '2021-06-11', NULL),
	(154, 'Naomi', 'Mercado', '674.957.870-88', '1982-05-25', 'arcu@Curabitursedtortor.co.uk', '(11)18264-8408', 57, 55, '2021-01-26', NULL),
	(155, 'Shaine', 'Ortiz', '819.331.997-80', '1929-11-16', 'magna@acfeugiat.net', '(83)44458-6641', 58, 56, '2021-05-17', NULL),
	(156, 'Bradley', 'Christian', '293.126.062-56', '1980-04-09', 'orci.sem.eget@Aliquamornare.net', '(55)47225-5099', 59, 57, '2021-01-25', NULL),
	(157, 'Sierra', 'Mills', '951.318.833-95', '1994-10-14', 'enim.Suspendisse.aliquet@lectus.com', '(85)39650-1634', 60, 58, '2021-05-30', NULL),
	(158, 'Owen', 'Weaver', '409.565.133-44', '1981-09-27', 'a@interdum.ca', '(04)93148-8498', 61, 59, '2021-05-10', NULL),
	(159, 'Jacqueline', 'Kane', '590.021.020-26', '1949-06-26', 'mauris.sagittis.placerat@eget.edu', '(56)88157-1421', 62, 60, '2021-06-16', NULL),
	(160, 'Kermit', 'Watson', '965.265.338-77', '1958-05-17', 'et.rutrum@tellusAenean.net', '(97)57779-7224', 63, 61, '2021-02-25', NULL),
	(161, 'Nicole', 'Chang', '425.083.375-29', '2006-10-06', 'vulputate@nullaIntegervulputate.co.uk', '(49)13264-3406', 64, 62, '2021-03-14', NULL),
	(162, 'Jack', 'Mcneil', '619.416.322-64', '1940-06-16', 'montes.nascetur@ac.com', '(24)56103-1100', 65, 63, '2021-04-07', NULL),
	(163, 'Minerva', 'Fuentes', '371.826.095-35', '1930-12-12', 'nibh@ultriciesdignissim.net', '(42)97501-3639', 66, 64, '2021-05-05', NULL),
	(164, 'Ralph', 'Klein', '496.198.507-51', '1986-01-16', 'lorem@congue.edu', '(09)09292-8794', 67, 65, '2021-05-30', NULL),
	(165, 'Gray', 'Dodson', '600.688.113-19', '1948-12-15', 'fermentum.convallis.ligula@imperdietnec.net', '(21)16678-7184', 68, 66, '2021-07-06', NULL),
	(166, 'Calista', 'Franks', '013.909.842-31', '2010-10-03', 'nunc.Quisque.ornare@pedeblandit.edu', '(42)63425-7063', 69, 67, '2021-02-06', NULL),
	(167, 'Inga', 'Munoz', '258.178.630-75', '1986-11-05', 'sagittis.semper.Nam@sed.edu', '(48)35871-1628', 70, 68, '2021-01-06', NULL),
	(168, 'Elizabeth', 'Baird', '844.456.029-45', '1970-01-26', 'est.Nunc.laoreet@urna.edu', '(85)33150-1821', 71, 69, '2021-05-26', NULL),
	(169, 'Kelsie', 'Francis', '102.466.308-76', '1921-01-31', 'magnis.dis.parturient@Vivamusnibh.org', '(50)78395-4535', 72, 70, '2021-03-03', NULL),
	(170, 'Ulric', 'Banks', '678.348.683-00', '1964-04-20', 'Aliquam.vulputate.ullamcorper@Sed.net', '(38)50960-7054', 73, 71, '2021-02-01', NULL),
	(171, 'Sonia', 'Grant', '444.709.074-10', '2001-02-19', 'enim@atiaculisquis.co.uk', '(13)63895-7731', 74, 72, '2021-04-14', NULL),
	(172, 'Acton', 'Calderon', '649.364.041-64', '1965-05-22', 'sapien.Cras@sollicitudincommodo.net', '(88)30569-1881', 75, 73, '2021-03-17', NULL),
	(173, 'Taylor', 'Prince', '811.314.195-72', '1969-01-08', 'Vivamus@Nunc.co.uk', '(73)17356-4843', 76, 74, '2021-05-17', NULL),
	(174, 'Martin', 'Lowe', '352.877.510-69', '1969-07-11', 'nec@arcuVestibulumut.co.uk', '(60)55187-0214', 77, 75, '2021-05-08', NULL),
	(175, 'Herman', 'Lancaster', '269.657.831-25', '1961-04-24', 'nonummy.ultricies@arcuMorbisit.org', '(29)45127-8282', 78, 76, '2021-04-13', NULL),
	(176, 'Paki', 'Shelton', '807.512.452-68', '1980-09-21', 'morbi@tinciduntduiaugue.com', '(00)96679-0624', 79, 77, '2021-02-16', NULL),
	(177, 'Audra', 'Pate', '009.061.846-68', '1978-09-06', 'augue@massaMaurisvestibulum.edu', '(50)40632-1803', 80, 78, '2021-01-04', NULL),
	(178, 'Hanna', 'Mcfarland', '296.845.435-77', '1952-10-22', 'Suspendisse.sed@lobortis.edu', '(91)99919-2170', 81, 79, '2021-02-07', NULL),
	(179, 'Paul', 'Kidd', '217.175.261-92', '1981-09-21', 'lectus.convallis.est@iaculisquispede.edu', '(99)98467-5915', 82, 80, '2021-05-20', NULL),
	(180, 'Neve', 'Houston', '824.551.037-17', '1996-05-24', 'ipsum.nunc@molestie.ca', '(19)19886-2281', 83, 81, '2021-01-25', NULL),
	(181, 'Erasmus', 'Mccray', '229.169.335-51', '1988-12-08', 'luctus.vulputate@ultricesposuerecubilia.co.uk', '(33)96216-7694', 84, 82, '2021-05-14', NULL),
	(182, 'Lance', 'Martin', '565.907.218-55', '1996-03-14', 'dignissim.magna@tempor.co.uk', '(62)99578-0932', 85, 83, '2021-04-09', NULL),
	(183, 'Bryar', 'Mcclain', '868.755.964-57', '1996-11-22', 'ligula.elit@non.edu', '(83)02534-7779', 86, 84, '2021-05-19', NULL),
	(184, 'Lars', 'Haley', '383.574.532-62', '1995-09-16', 'varius@etpede.edu', '(15)78230-2258', 87, 85, '2021-07-07', NULL),
	(185, 'Todd', 'Gross', '989.793.561-33', '1948-12-20', 'molestie.tortor.nibh@feugiatnonlobortis.org', '(00)84493-6203', 88, 86, '2021-03-18', NULL),
	(186, 'Brett', 'Rollins', '570.710.342-43', '1961-09-25', 'Morbi@nuncinterdum.edu', '(39)94527-3272', 89, 87, '2021-04-06', NULL),
	(187, 'Daquan', 'Young', '317.552.455-51', '1989-01-04', 'eu@nunc.co.uk', '(87)40619-5919', 90, 88, '2021-05-19', NULL),
	(188, 'Xantha', 'Alston', '349.303.569-31', '1991-08-19', 'sodales.elit@feugiattellus.edu', '(00)68639-1503', 91, 89, '2021-06-17', NULL),
	(189, 'Dana', 'Bailey', '501.583.983-50', '1986-08-06', 'suscipit@Integeraliquamadipiscing.net', '(99)71904-8412', 92, 90, '2021-06-10', NULL),
	(190, 'Brent', 'Stafford', '553.093.390-09', '1959-10-29', 'Donec.vitae.erat@utodio.net', '(66)08539-4178', 93, 91, '2021-03-07', NULL),
	(191, 'Hillary', 'Pickett', '500.738.824-01', '1985-02-06', 'diam.nunc@Phasellus.co.uk', '(83)82029-2165', 94, 92, '2021-04-27', NULL),
	(192, 'Fredericka', 'Boyer', '126.781.121-65', '1961-11-16', 'Sed@orci.net', '(09)61210-1127', 95, 93, '2021-05-15', NULL),
	(193, 'Rhiannon', 'Benjamin', '110.831.156-58', '1944-05-11', 'Sed@maurissitamet.edu', '(05)56169-4421', 96, 94, '2021-01-02', NULL),
	(194, 'Ila', 'Mendez', '862.762.623-16', '1933-01-31', 'ut.quam.vel@necmalesuadaut.com', '(92)82237-0173', 97, 95, '2021-05-31', NULL),
	(195, 'Sacha', 'Ray', '946.969.563-53', '1967-08-16', 'vitae@elementum.org', '(86)98872-0419', 98, 96, '2021-03-30', NULL),
	(196, 'Knox', 'Savage', '368.588.527-87', '1994-01-10', 'est.mollis.non@semPellentesqueut.net', '(47)49235-5036', 99, 97, '2021-02-09', NULL),
	(197, 'Colleen', 'Perez', '364.699.772-84', '1991-09-30', 'sit@Sedcongueelit.org', '(45)29508-9058', 100, 98, '2021-05-18', NULL),
	(198, 'Cain', 'Lewis', '043.665.156-83', '2002-10-21', 'blandit@euismod.co.uk', '(62)79998-8734', 101, 99, '2021-04-12', NULL),
	(199, 'Flavia', 'Newton', '241.395.229-51', '1941-07-11', 'ullamcorper@magnaSed.com', '(84)41766-3210', 102, 100, '2021-02-24', NULL),
	(200, 'Leroy', 'Hunter', '318.836.962-84', '1950-08-28', 'Cras@dolorFuscemi.ca', '(60)00556-2745', 103, 101, '2021-05-07', NULL),
	(201, 'Kenyon', 'Acosta', '010.283.091-72', '1998-12-01', 'tincidunt.neque@dignissimMaecenas.com', '(89)32750-8367', 4, 2, '2021-03-07', NULL),
	(202, 'Elijah', 'Fitzgerald', '691.437.057-68', '1958-12-02', 'molestie.arcu@pellentesqueeget.com', '(19)25379-7859', 5, 3, '2021-03-07', NULL),
	(203, 'Gray', 'Camacho', '819.796.088-30', '1998-09-07', 'tincidunt@nuncinterdumfeugiat.net', '(70)41370-1363', 6, 4, '2021-06-07', NULL),
	(204, 'Zahir', 'Ross', '177.463.445-21', '1933-05-22', 'sit.amet.luctus@Nunclectuspede.co.uk', '(24)43708-4978', 7, 5, '2021-04-11', NULL),
	(205, 'Hamilton', 'Scott', '552.208.057-79', '1963-04-27', 'non@nonummy.ca', '(80)89863-4758', 8, 6, '2021-06-11', NULL),
	(206, 'Martena', 'Perry', '938.108.450-06', '1975-08-02', 'nec.ante.Maecenas@ipsum.net', '(01)19384-8850', 9, 7, '2021-03-27', NULL),
	(207, 'Marny', 'Leach', '701.311.253-48', '2008-08-11', 'ipsum.primis.in@Donecelementumlorem.com', '(33)70964-1374', 10, 8, '2021-04-04', NULL),
	(208, 'Jacqueline', 'Gray', '697.791.381-59', '1936-08-05', 'non.nisi.Aenean@magnisdisparturient.edu', '(55)18252-5096', 11, 9, '2021-07-02', NULL),
	(209, 'Hamish', 'Herring', '454.800.180-22', '1990-07-24', 'Suspendisse.sagittis@dolor.org', '(83)50778-7579', 12, 10, '2021-01-18', NULL),
	(210, 'Leo', 'Sims', '533.230.209-65', '1971-01-18', 'ultricies.dignissim@per.net', '(72)04032-6128', 13, 11, '2021-01-10', NULL),
	(211, 'Forrest', 'Vang', '962.707.532-65', '2009-12-06', 'dapibus@consequatauctornunc.org', '(90)32767-0741', 14, 12, '2021-04-26', NULL),
	(212, 'Iola', 'Mcdonald', '605.177.395-70', '1927-01-27', 'vel@Crasegetnisi.net', '(14)18151-7123', 15, 13, '2021-06-17', NULL),
	(213, 'Chastity', 'Byrd', '439.920.446-39', '1953-04-23', 'at@vel.org', '(53)07119-7655', 16, 14, '2021-07-08', NULL),
	(214, 'Dustin', 'Mccray', '220.007.044-56', '2018-04-11', 'ac@egestasa.com', '(12)87513-3375', 17, 15, '2021-05-15', NULL),
	(215, 'Sawyer', 'Mathews', '112.933.831-72', '2017-11-14', 'iaculis.lacus.pede@dictumProin.com', '(15)03092-4472', 18, 16, '2021-05-08', NULL),
	(216, 'Libby', 'Herman', '806.504.657-33', '1965-03-30', 'Nam.interdum.enim@Nuncmauriselit.net', '(06)45190-8075', 19, 17, '2021-01-25', NULL),
	(217, 'Evangeline', 'Mckay', '516.711.120-26', '1946-12-07', 'Aliquam.rutrum@lectusasollicitudin.net', '(32)75029-9696', 20, 18, '2021-01-19', NULL),
	(218, 'Ryder', 'Robbins', '544.057.750-72', '1983-12-02', 'ipsum@Crasdolordolor.ca', '(26)98342-1232', 21, 19, '2021-03-27', NULL),
	(219, 'Carson', 'Rowland', '891.453.752-70', '1975-11-11', 'ut.cursus.luctus@luctusipsum.co.uk', '(59)07330-8909', 22, 20, '2021-01-17', NULL),
	(220, 'Brady', 'Munoz', '382.022.900-74', '1937-05-06', 'semper.auctor@sagittis.ca', '(04)40599-8308', 23, 21, '2021-03-16', NULL),
	(221, 'Marvin', 'Carey', '965.879.545-22', '1985-02-12', 'massa.lobortis.ultrices@mi.ca', '(17)77362-9577', 24, 22, '2021-06-14', NULL),
	(222, 'Barbara', 'Hancock', '797.245.683-40', '1993-12-18', 'Donec.egestas@sagittislobortis.co.uk', '(51)68091-5772', 25, 23, '2021-05-20', NULL),
	(223, 'Forrest', 'Weeks', '411.034.807-53', '1984-08-26', 'sem.elit.pharetra@convallisligula.org', '(94)66837-4126', 26, 24, '2021-04-09', NULL),
	(224, 'Serena', 'Barry', '096.804.378-07', '1949-11-25', 'vestibulum.nec@nec.co.uk', '(30)44113-6765', 27, 25, '2021-01-16', NULL),
	(225, 'Portia', 'Cortez', '267.518.206-63', '1935-01-31', 'Aliquam@eu.edu', '(50)02879-0695', 28, 26, '2021-07-02', NULL),
	(226, 'Bryar', 'Buchanan', '514.705.769-71', '2017-10-03', 'eget@vulputatemaurissagittis.org', '(15)26754-2688', 29, 27, '2021-04-05', NULL),
	(227, 'Larissa', 'Hall', '704.258.654-95', '1997-11-09', 'malesuada.id@Pellentesque.net', '(78)83063-5735', 30, 28, '2021-04-14', NULL),
	(228, 'Bradley', 'Burks', '973.175.455-65', '1950-10-08', 'orci.sem@Proinnislsem.org', '(27)39778-9282', 31, 29, '2021-03-22', NULL),
	(229, 'Basil', 'Bates', '234.568.649-60', '1969-12-18', 'tincidunt.congue@orciadipiscing.edu', '(81)42974-8109', 32, 30, '2021-03-29', NULL),
	(230, 'Cally', 'Henson', '853.602.267-72', '2010-04-09', 'nec.euismod@telluseu.net', '(12)82253-1991', 33, 31, '2021-06-20', NULL),
	(231, 'Lacey', 'Koch', '218.786.671-09', '1928-03-21', 'lorem.tristique@mus.co.uk', '(91)36594-9995', 34, 32, '2021-02-07', NULL),
	(232, 'Declan', 'Head', '672.882.614-10', '1992-01-21', 'vel.pede@cubiliaCurae.edu', '(47)53736-9391', 35, 33, '2021-04-04', NULL),
	(233, 'Kevyn', 'Dillard', '321.879.921-11', '1988-07-15', 'varius.et@sociis.edu', '(82)03434-6470', 36, 34, '2021-06-16', NULL),
	(234, 'Boris', 'Figueroa', '689.525.495-35', '1956-03-13', 'nonummy@ac.com', '(54)71512-7112', 37, 35, '2021-05-14', NULL),
	(235, 'Jelani', 'Holder', '585.844.126-86', '1994-06-19', 'cursus.in.hendrerit@iaculislacus.com', '(12)07087-9511', 38, 36, '2021-06-23', NULL),
	(236, 'Ori', 'Larson', '920.165.892-53', '1941-04-14', 'quam@sagittissemper.co.uk', '(82)05324-9214', 39, 37, '2021-03-31', NULL),
	(237, 'Uriel', 'Davidson', '627.348.270-13', '1957-03-07', 'ut@magnaSuspendissetristique.co.uk', '(29)05991-8142', 40, 38, '2021-01-18', NULL),
	(238, 'Emmanuel', 'Walton', '329.044.391-31', '1962-04-26', 'sollicitudin@tempor.org', '(95)06760-0667', 41, 39, '2021-03-18', NULL),
	(239, 'Judah', 'Hughes', '297.484.432-82', '1973-07-27', 'Nullam@Proinsedturpis.edu', '(53)18176-6297', 42, 40, '2021-03-04', NULL),
	(240, 'Mallory', 'Baker', '903.206.003-39', '1941-03-17', 'quam.dignissim.pharetra@erat.org', '(32)80046-1145', 43, 41, '2021-03-06', NULL),
	(241, 'Christopher', 'Holcomb', '859.272.116-38', '2008-04-24', 'vitae.posuere.at@non.net', '(82)33623-5782', 44, 42, '2021-07-08', NULL),
	(242, 'Tamara', 'Nixon', '852.891.778-45', '1967-12-02', 'venenatis@maurissapien.net', '(96)00057-2881', 45, 43, '2021-06-03', NULL),
	(243, 'Eagan', 'Bernard', '635.852.548-59', '1979-01-12', 'sociis.natoque@lectusasollicitudin.edu', '(79)71342-7949', 46, 44, '2021-05-15', NULL),
	(244, 'Sonya', 'Farley', '525.975.508-35', '1951-06-17', 'egestas.a.scelerisque@morbitristique.com', '(17)87448-1909', 47, 45, '2021-06-15', NULL),
	(245, 'Damian', 'Neal', '098.205.654-95', '1954-07-23', 'dolor.sit.amet@anteMaecenas.co.uk', '(36)34422-3812', 48, 46, '2021-06-19', NULL),
	(246, 'Colleen', 'Walls', '656.563.587-20', '1972-01-24', 'urna@elitdictum.ca', '(87)10462-5709', 49, 47, '2021-05-13', NULL),
	(247, 'Martina', 'Castillo', '098.922.576-22', '1931-09-16', 'sagittis@consectetuereuismodest.org', '(24)71360-4060', 50, 48, '2021-05-29', NULL),
	(248, 'Nomlanga', 'Kelly', '489.560.483-01', '1971-09-21', 'vel.convallis.in@sitamet.org', '(18)18609-7057', 51, 49, '2021-07-16', NULL),
	(249, 'Rose', 'Good', '975.397.082-10', '1946-06-23', 'ut@tellusimperdiet.net', '(12)94569-5555', 52, 50, '2021-06-02', NULL),
	(250, 'Ignatius', 'Montoya', '112.543.838-72', '1970-07-21', 'semper.dui.lectus@sitametconsectetuer.com', '(02)26919-8186', 53, 51, '2021-03-12', NULL),
	(251, 'Orli', 'Puckett', '449.364.132-07', '2012-01-16', 'lectus@Quisqueliberolacus.com', '(66)52822-3325', 54, 52, '2021-04-17', NULL),
	(252, 'Ulla', 'Gentry', '570.184.767-81', '1921-11-28', 'tellus.imperdiet.non@dolor.co.uk', '(17)74397-0713', 55, 53, '2021-03-20', NULL),
	(253, 'Kirk', 'Kramer', '691.516.894-40', '1966-04-10', 'quam@ut.com', '(02)81884-4435', 56, 54, '2021-02-27', NULL),
	(254, 'Julie', 'Norman', '969.569.523-15', '1977-10-09', 'nulla.vulputate@Etiam.edu', '(13)91387-2348', 57, 55, '2021-07-05', NULL),
	(255, 'Demetrius', 'Reyes', '842.064.540-84', '1969-06-26', 'Morbi@nonarcu.co.uk', '(13)80655-1290', 58, 56, '2021-05-07', NULL),
	(256, 'Orlando', 'Hardin', '666.724.387-26', '1966-11-29', 'sociis.natoque@magna.net', '(85)59059-7262', 59, 57, '2021-05-16', NULL),
	(257, 'Lacota', 'Hardin', '645.434.757-79', '1965-12-10', 'in@urnaconvalliserat.co.uk', '(01)35062-6611', 60, 58, '2021-01-15', NULL),
	(258, 'Chancellor', 'Bonner', '598.416.424-54', '1936-12-11', 'turpis@ut.org', '(41)43656-4146', 61, 59, '2021-05-19', NULL),
	(259, 'Noel', 'Rollins', '655.101.485-22', '1947-11-14', 'cursus.Integer@nisi.org', '(86)33859-6170', 62, 60, '2021-04-23', NULL),
	(260, 'Aladdin', 'Moon', '309.185.436-38', '2001-12-29', 'odio.sagittis@Fuscefeugiat.org', '(26)73680-6060', 63, 61, '2021-02-12', NULL),
	(261, 'Riley', 'Ray', '253.120.886-60', '1932-09-19', 'Vestibulum@habitantmorbi.edu', '(16)76801-6402', 64, 62, '2021-01-15', NULL),
	(262, 'Benedict', 'Frost', '645.305.484-29', '1962-11-16', 'Aliquam@mi.org', '(28)50680-4188', 65, 63, '2021-07-02', NULL),
	(263, 'Cairo', 'Hurst', '822.626.949-56', '1932-11-04', 'semper.erat.in@ProinultricesDuis.org', '(16)08414-7770', 66, 64, '2021-07-12', NULL),
	(264, 'Perry', 'Fowler', '862.504.537-38', '1940-06-17', 'nisi.Mauris@ametmetus.edu', '(29)23469-0073', 67, 65, '2021-01-25', NULL),
	(265, 'Clayton', 'Morris', '818.662.802-27', '1940-06-04', 'Nam.nulla@ligula.com', '(93)66077-1466', 68, 66, '2021-01-06', NULL),
	(266, 'Reuben', 'Rowland', '282.288.030-17', '1996-07-13', 'magnis.dis@pedesagittisaugue.co.uk', '(08)70370-1349', 69, 67, '2021-04-30', NULL),
	(267, 'Signe', 'Vance', '830.394.966-91', '2000-02-23', 'sem.egestas@atfringilla.net', '(79)89577-5707', 70, 68, '2021-05-27', NULL),
	(268, 'Xantha', 'Sutton', '300.861.185-32', '1963-08-04', 'primis.in.faucibus@non.co.uk', '(24)25230-9269', 71, 69, '2021-03-23', NULL),
	(269, 'Ima', 'George', '613.488.632-21', '1947-04-12', 'ridiculus.mus@hendreritnequeIn.co.uk', '(37)93870-5873', 72, 70, '2021-01-07', NULL),
	(270, 'Gillian', 'Burt', '781.739.606-82', '2006-07-28', 'nascetur.ridiculus.mus@nisidictumaugue.org', '(27)64465-4381', 73, 71, '2021-01-25', NULL),
	(271, 'Haley', 'Glenn', '223.729.123-35', '1990-06-22', 'mauris@odiosagittis.ca', '(36)93036-2019', 74, 72, '2021-03-06', NULL),
	(272, 'Walter', 'Bowman', '443.033.511-39', '1930-08-16', 'commodo@mienim.org', '(64)31003-1855', 75, 73, '2021-02-21', NULL),
	(273, 'Ava', 'Lambert', '519.896.493-77', '1955-11-01', 'ultricies.sem.magna@dictum.com', '(81)37654-3588', 76, 74, '2021-05-06', NULL),
	(274, 'Louis', 'Parker', '610.290.953-82', '1982-03-09', 'augue@sollicitudincommodoipsum.org', '(65)95200-6989', 77, 75, '2021-05-07', NULL),
	(275, 'Ria', 'Wall', '170.196.040-97', '1976-05-23', 'eros.Nam.consequat@vehicula.co.uk', '(14)42513-9445', 78, 76, '2021-05-28', NULL),
	(276, 'Tyler', 'Pate', '874.728.732-41', '1979-08-03', 'est.mollis@maurissagittis.co.uk', '(69)21325-6149', 79, 77, '2021-05-16', NULL),
	(277, 'Noel', 'Kirby', '288.314.108-71', '1985-08-16', 'neque.non.quam@purus.net', '(53)71934-8316', 80, 78, '2021-07-13', NULL),
	(278, 'Hayfa', 'Figueroa', '846.729.561-11', '1965-03-27', 'sodales@sociis.net', '(55)55913-5973', 81, 79, '2021-05-03', NULL),
	(279, 'Cally', 'Ramsey', '247.303.229-01', '1939-09-29', 'taciti@duilectusrutrum.co.uk', '(73)41814-6824', 82, 80, '2021-02-22', NULL),
	(280, 'Priscilla', 'Pitts', '145.240.265-39', '1972-08-01', 'sed.orci.lobortis@eutempor.ca', '(64)04007-5258', 83, 81, '2021-05-03', NULL),
	(281, 'Flynn', 'Castro', '888.462.690-31', '1925-06-27', 'odio.a.purus@tinciduntDonecvitae.edu', '(63)05055-9863', 84, 82, '2021-05-21', NULL),
	(282, 'Jael', 'Albert', '291.396.481-17', '1941-02-25', 'dolor.dapibus@fringillaporttitorvulputate.edu', '(73)21492-7323', 85, 83, '2021-03-01', NULL),
	(283, 'Dustin', 'Odom', '042.021.859-23', '1927-11-15', 'nec@elitpede.ca', '(81)16557-4932', 86, 84, '2021-03-24', NULL),
	(284, 'Sophia', 'Bush', '732.239.074-88', '2000-04-04', 'magnis.dis@dolor.org', '(02)58163-1139', 87, 85, '2021-05-17', NULL),
	(285, 'Ronan', 'Valencia', '449.092.548-79', '1943-07-30', 'pede.nonummy@sagittisDuisgravida.co.uk', '(19)30296-0502', 88, 86, '2021-04-02', NULL),
	(286, 'Lester', 'Irwin', '544.580.633-92', '2000-01-11', 'eleifend@milacinia.ca', '(46)13815-7646', 89, 87, '2021-04-04', NULL),
	(287, 'Nissim', 'Stephenson', '128.718.657-49', '1958-02-23', 'nec.urna.suscipit@ategestas.com', '(88)18725-8771', 90, 88, '2021-05-04', NULL),
	(288, 'Octavius', 'Mcdaniel', '274.998.344-04', '1986-05-14', 'non.leo.Vivamus@parturientmontes.ca', '(43)71468-1804', 91, 89, '2021-03-12', NULL),
	(289, 'Giacomo', 'Stephenson', '474.495.450-84', '1968-05-25', 'amet@lectuspedeultrices.co.uk', '(16)03235-2365', 92, 90, '2021-03-31', NULL),
	(290, 'Fatima', 'Gibbs', '207.602.711-04', '2012-10-17', 'nec.leo.Morbi@diamluctus.net', '(10)84340-7194', 93, 91, '2021-01-17', NULL),
	(291, 'Lysandra', 'Conway', '566.468.185-30', '1996-02-15', 'a.enim@commodoauctorvelit.edu', '(13)57108-3167', 94, 92, '2021-02-27', NULL),
	(292, 'Finn', 'Ross', '884.680.955-19', '1951-11-02', 'luctus.sit@elitfermentum.org', '(63)54726-8363', 95, 93, '2021-06-12', NULL),
	(293, 'Elizabeth', 'Meyer', '121.709.003-07', '1964-07-21', 'augue.id@risus.ca', '(87)57134-0056', 96, 94, '2021-02-01', NULL),
	(294, 'Miranda', 'Walton', '402.675.281-20', '1977-05-06', 'Donec.est@sapien.com', '(25)81171-1341', 97, 95, '2021-07-01', NULL),
	(295, 'Rhoda', 'Jacobs', '331.400.919-38', '1963-10-21', 'ipsum@consequat.ca', '(09)85257-9126', 98, 96, '2021-04-08', NULL),
	(296, 'Cadman', 'Scott', '927.676.066-84', '1939-12-06', 'vel.venenatis.vel@imperdieteratnonummy.com', '(57)06188-6959', 99, 97, '2021-03-06', NULL),
	(297, 'Audrey', 'Woodard', '877.127.406-46', '1956-03-06', 'odio@tortor.org', '(17)63313-4199', 100, 98, '2021-04-06', NULL),
	(298, 'Gage', 'Mcintosh', '789.808.066-29', '2003-06-14', 'neque@nonlacinia.ca', '(84)26907-2452', 101, 99, '2021-05-19', NULL),
	(299, 'Whilemina', 'Bauer', '955.038.607-69', '1931-07-28', 'parturient.montes.nascetur@nullaIntegervulputate.com', '(42)95338-9651', 102, 100, '2021-05-19', NULL),
	(300, 'Diana', 'Ware', '665.837.128-62', '2004-04-21', 'risus.a.ultricies@eleifend.net', '(75)55921-6401', 103, 101, '2021-05-18', NULL),
	(301, 'Jerry', 'Macias', '534.327.761-67', '1989-03-06', 'diam.dictum.sapien@luctusipsumleo.com', '(40)88297-3365', 104, 102, '2021-06-25', NULL),
	(302, 'Nathaniel', 'Gaines', '005.323.442-98', '2010-01-13', 'elit.a@nequevenenatis.org', '(78)81840-0075', 105, 103, '2021-06-25', NULL),
	(303, 'Bert', 'Valenzuela', '018.924.777-72', '1950-07-18', 'penatibus.et.magnis@sed.co.uk', '(68)36948-3177', 106, 104, '2021-06-19', NULL),
	(304, 'Upton', 'Carr', '598.262.668-79', '1953-06-27', 'laoreet@fringillaporttitor.edu', '(45)07228-1262', 107, 105, '2021-01-15', NULL),
	(305, 'Warren', 'Michael', '465.681.092-00', '1949-04-14', 'est@risusNunc.co.uk', '(20)60591-0345', 108, 106, '2021-02-17', NULL),
	(306, 'Wyatt', 'Barlow', '761.241.045-35', '1991-07-25', 'semper.et.lacinia@Proinvel.org', '(61)70380-5620', 109, 107, '2021-02-26', NULL),
	(307, 'Eagan', 'Vaughn', '277.055.255-02', '1978-05-12', 'Nulla.semper.tellus@facilisiSedneque.com', '(29)06625-1328', 110, 108, '2021-05-10', NULL),
	(308, 'Thomas', 'Holcomb', '701.336.589-45', '1980-04-09', 'quam@libero.co.uk', '(19)05921-0355', 111, 109, '2021-01-02', NULL),
	(309, 'Graham', 'Jennings', '138.704.826-58', '1948-05-16', 'sed.sapien@nisi.edu', '(26)45952-5236', 112, 110, '2021-01-17', NULL),
	(310, 'Paul', 'Fry', '215.590.635-74', '1961-07-04', 'senectus.et.netus@ullamcorperviverra.edu', '(48)69774-2088', 113, 111, '2021-07-14', NULL),
	(311, 'Lionel', 'Petersen', '075.620.290-61', '1920-11-15', 'Sed.et@Phasellus.co.uk', '(60)72314-2416', 114, 112, '2021-02-13', NULL),
	(312, 'Forrest', 'Tran', '210.086.146-90', '2015-12-24', 'vel.arcu.Curabitur@ut.edu', '(71)38066-0849', 115, 113, '2021-04-10', NULL),
	(313, 'Clinton', 'Dawson', '596.154.805-71', '1925-12-05', 'dapibus@sollicitudinadipiscing.ca', '(61)55661-1142', 116, 114, '2021-03-18', NULL),
	(314, 'Justine', 'Branch', '390.110.249-38', '2010-02-03', 'ridiculus.mus@dui.edu', '(35)13627-6011', 117, 115, '2021-06-02', NULL),
	(315, 'Octavia', 'Tate', '860.406.362-97', '1996-02-03', 'sed.turpis@maurisutmi.co.uk', '(86)20007-6381', 118, 116, '2021-06-02', NULL),
	(316, 'Nora', 'Lloyd', '590.946.640-10', '1937-07-10', 'blandit@Intinciduntcongue.net', '(91)49479-7937', 119, 117, '2021-01-25', NULL),
	(317, 'Herrod', 'Marquez', '620.302.774-77', '1951-03-13', 'Vivamus.molestie@Pellentesque.com', '(48)68306-6825', 120, 118, '2021-01-20', NULL),
	(318, 'Phoebe', 'Estes', '575.131.424-77', '1985-02-05', 'in.dolor.Fusce@feugiat.net', '(60)08325-9675', 121, 119, '2021-05-02', NULL),
	(319, 'Hadassah', 'Sutton', '366.871.008-99', '1937-04-26', 'Cras.pellentesque@Suspendisse.co.uk', '(70)14956-2753', 122, 120, '2021-06-16', NULL),
	(320, 'Kiayada', 'Dudley', '467.694.582-76', '1966-12-26', 'non@Donec.edu', '(41)68783-2317', 123, 121, '2021-03-19', NULL),
	(321, 'Bradley', 'Wagner', '234.390.938-39', '1951-08-01', 'hendrerit@tempor.org', '(31)44473-4364', 124, 122, '2021-06-21', NULL),
	(322, 'Macon', 'Davidson', '879.623.413-56', '2018-01-19', 'Vivamus.euismod@maurissapiencursus.com', '(38)46984-7029', 125, 123, '2021-07-11', NULL),
	(323, 'Aretha', 'Newton', '745.537.987-20', '1943-08-17', 'felis@at.com', '(45)29916-6270', 126, 124, '2021-01-30', NULL),
	(324, 'Colt', 'Luna', '195.900.184-28', '2018-11-03', 'litora@adipiscingenim.com', '(66)62331-5403', 127, 125, '2021-02-03', NULL),
	(325, 'Coby', 'Watkins', '137.956.355-68', '1961-02-27', 'rutrum.eu@Morbi.org', '(08)93819-1041', 128, 126, '2021-03-29', NULL),
	(326, 'Nathaniel', 'Durham', '941.460.615-38', '1992-04-11', 'augue.eu.tempor@In.org', '(54)16842-7244', 129, 127, '2021-04-11', NULL),
	(327, 'Lamar', 'Gamble', '107.727.249-01', '2017-04-27', 'massa@et.com', '(41)71106-7669', 130, 128, '2021-06-07', NULL),
	(328, 'Xavier', 'Chen', '650.183.735-04', '2010-04-24', 'elit@Pellentesque.edu', '(70)56625-8192', 131, 129, '2021-02-07', NULL),
	(329, 'Kelly', 'Bell', '598.227.748-53', '1984-11-20', 'arcu@elementumlorem.edu', '(57)60735-9948', 132, 130, '2021-07-14', NULL),
	(330, 'Griffin', 'Brewer', '075.386.039-77', '1968-11-12', 'Pellentesque@nonegestasa.ca', '(27)30974-1508', 133, 131, '2021-04-24', NULL),
	(331, 'Kyra', 'Brady', '996.718.719-33', '1989-02-11', 'magna.Ut.tincidunt@amet.org', '(59)28921-4828', 134, 132, '2021-05-18', NULL),
	(332, 'Rhona', 'Hernandez', '952.513.424-31', '2001-09-29', 'Sed.neque.Sed@acorci.edu', '(42)49771-0399', 135, 133, '2021-03-12', NULL),
	(333, 'Thor', 'Wilcox', '118.736.919-86', '1981-08-20', 'aliquam.iaculis@lectuspede.ca', '(59)59528-4478', 136, 134, '2021-04-22', NULL),
	(334, 'Rebecca', 'House', '705.627.382-78', '1980-09-07', 'convallis@nullaDonecnon.net', '(73)94571-8880', 137, 135, '2021-05-05', NULL),
	(335, 'Edan', 'Watts', '247.208.968-92', '2010-09-21', 'pretium.neque.Morbi@antebibendumullamcorper.org', '(63)26323-1930', 138, 136, '2021-03-27', NULL),
	(336, 'Katelyn', 'Dennis', '739.819.708-54', '1978-12-25', 'mauris.aliquam.eu@consequatauctor.co.uk', '(21)16340-4774', 139, 137, '2021-04-26', NULL),
	(337, 'Oliver', 'Mcdaniel', '521.992.283-36', '1951-02-01', 'et.arcu@gravidaAliquamtincidunt.ca', '(59)04741-7099', 140, 138, '2021-02-23', NULL),
	(338, 'Kato', 'Moore', '478.233.780-15', '2006-07-27', 'id.mollis.nec@ametorciUt.edu', '(54)63751-4881', 141, 139, '2021-01-26', NULL),
	(339, 'Megan', 'Wilkerson', '899.127.021-49', '1945-11-08', 'Quisque@Aeneansedpede.com', '(07)08359-9217', 142, 140, '2021-06-09', NULL),
	(340, 'Kameko', 'Ayala', '772.331.962-00', '1988-03-20', 'orci.luctus.et@Praesenteu.net', '(52)27699-2142', 143, 141, '2021-04-23', NULL),
	(341, 'Nyssa', 'Puckett', '989.326.006-39', '1951-12-20', 'facilisis.magna@orci.edu', '(50)49136-7940', 144, 142, '2021-04-14', NULL),
	(342, 'Alika', 'Fuller', '056.798.438-42', '2021-03-02', 'Duis.ac@Vivamusnibh.com', '(99)05605-9959', 145, 143, '2021-06-05', NULL),
	(343, 'Bo', 'Christensen', '586.006.682-65', '2005-07-26', 'in.faucibus.orci@tempusnonlacinia.net', '(37)93536-1874', 146, 144, '2021-03-15', NULL),
	(344, 'Baker', 'Maddox', '142.833.425-02', '2002-02-23', 'Nulla.eget@vulputatenisisem.co.uk', '(21)30241-2246', 147, 145, '2021-01-14', NULL),
	(345, 'Tarik', 'Higgins', '710.617.492-79', '1953-02-03', 'metus@faucibus.net', '(22)00958-2628', 148, 146, '2021-02-06', NULL),
	(346, 'Bradley', 'Mayo', '163.223.048-14', '1977-05-15', 'eu.lacus@lacus.edu', '(78)79150-1641', 149, 147, '2021-07-11', NULL),
	(347, 'Charlotte', 'Taylor', '573.134.014-71', '1963-04-16', 'dolor@libero.org', '(08)04112-3964', 150, 148, '2021-01-30', NULL),
	(348, 'Barbara', 'Conner', '106.333.872-88', '1936-04-24', 'aliquam@Quisqueac.co.uk', '(67)59532-1489', 151, 149, '2021-02-18', NULL),
	(349, 'Hyatt', 'Chambers', '781.826.723-94', '1925-05-10', 'ante.ipsum@iaculislacuspede.net', '(39)52552-7429', 152, 150, '2021-04-24', NULL),
	(350, 'Blaze', 'Perez', '015.246.139-99', '1962-11-05', 'aliquet.magna@dignissimmagna.org', '(31)77174-0828', 153, 151, '2021-01-21', NULL),
	(351, 'Michael', 'Harrell', '920.741.153-61', '2017-10-28', 'malesuada@consectetuermaurisid.org', '(75)41976-4262', 154, 152, '2021-02-03', NULL),
	(352, 'Whilemina', 'Whitney', '479.368.548-41', '1982-08-05', 'auctor@ametdapibus.net', '(55)49697-2326', 155, 153, '2021-06-13', NULL),
	(353, 'Shelley', 'Hull', '207.244.843-59', '1997-11-06', 'metus.Aliquam.erat@lacusAliquamrutrum.net', '(08)94109-6229', 156, 154, '2021-02-13', NULL),
	(354, 'Paula', 'Sheppard', '215.452.173-42', '1984-02-02', 'lacinia.orci.consectetuer@nondapibus.ca', '(34)91828-8167', 157, 155, '2021-04-20', NULL),
	(355, 'Scarlett', 'Solomon', '906.647.847-63', '1931-03-14', 'Nulla.interdum.Curabitur@Vivamus.edu', '(23)44716-8075', 158, 156, '2021-05-17', NULL),
	(356, 'Mia', 'Huff', '791.420.605-12', '1979-02-10', 'magna.Ut@dictumcursus.co.uk', '(29)67668-3576', 159, 157, '2021-07-13', NULL),
	(357, 'Palmer', 'Castillo', '382.876.281-85', '1926-01-29', 'sem@Maurismagna.edu', '(01)56491-3036', 160, 158, '2021-06-03', NULL),
	(358, 'Ross', 'Haynes', '476.215.546-90', '2007-12-30', 'eget.mollis.lectus@Crasvulputatevelit.edu', '(71)37396-8642', 161, 159, '2021-02-07', NULL),
	(359, 'Ashton', 'Pickett', '077.470.275-36', '1975-03-13', 'tortor.at@utpellentesque.co.uk', '(74)90926-5381', 162, 160, '2021-01-25', NULL),
	(360, 'Hyacinth', 'Kemp', '796.330.722-26', '1964-12-10', 'tincidunt.vehicula@felispurus.co.uk', '(11)88883-0392', 163, 161, '2021-06-12', NULL),
	(361, 'Gabriel', 'Holt', '703.033.016-38', '1981-11-13', 'enim@ettristiquepellentesque.edu', '(67)89938-9969', 164, 162, '2021-04-04', NULL),
	(362, 'Cathleen', 'Garza', '852.482.381-63', '1976-10-27', 'turpis@faucibusidlibero.net', '(65)46066-8066', 165, 163, '2021-04-12', NULL),
	(363, 'Vivian', 'Beach', '516.429.746-89', '2010-05-09', 'adipiscing@nascetur.com', '(32)13500-2833', 166, 164, '2021-05-03', NULL),
	(364, 'Armando', 'Little', '776.458.644-86', '1922-11-18', 'Suspendisse.sagittis@auctorquis.ca', '(21)07326-2839', 167, 165, '2021-05-01', NULL),
	(365, 'Kay', 'Castaneda', '797.137.165-83', '1937-09-06', 'Fusce.feugiat@sodales.com', '(87)80839-8942', 168, 166, '2021-03-28', NULL),
	(366, 'Fletcher', 'Mcleod', '734.250.610-82', '1935-07-09', 'neque.Nullam@sociosquadlitora.net', '(06)04085-1019', 169, 167, '2021-01-10', NULL),
	(367, 'Rajah', 'Mcgowan', '116.600.813-89', '1994-09-28', 'Sed.dictum.Proin@AliquamnislNulla.edu', '(88)72321-8266', 170, 168, '2021-01-28', NULL),
	(368, 'Carlos', 'Alvarez', '756.790.240-02', '2014-09-19', 'magnis.dis@auctor.edu', '(93)32441-7552', 171, 169, '2021-02-26', NULL),
	(369, 'Kasimir', 'Montoya', '604.618.011-60', '1975-09-02', 'lacinia.vitae.sodales@eunullaat.ca', '(50)97945-2142', 172, 170, '2021-03-15', NULL),
	(370, 'Cathleen', 'Odom', '575.388.960-59', '1950-06-25', 'commodo.tincidunt.nibh@cursus.net', '(91)79919-4536', 173, 171, '2021-05-06', NULL),
	(371, 'Alec', 'Benjamin', '060.551.987-27', '1928-06-27', 'Ut@Aeneaneuismodmauris.net', '(11)77973-7268', 174, 172, '2021-05-08', NULL),
	(372, 'Jacob', 'Coleman', '916.086.510-72', '1962-09-19', 'eu.placerat.eget@elitpharetra.ca', '(24)52239-0008', 175, 173, '2021-01-25', NULL),
	(373, 'Phoebe', 'Mcdonald', '034.810.805-74', '1925-01-23', 'non.massa.non@scelerisque.net', '(99)97863-9864', 176, 174, '2021-06-06', NULL),
	(374, 'Lamar', 'Rich', '567.807.872-79', '1963-09-19', 'eget.venenatis.a@rutrum.net', '(54)70263-5235', 177, 175, '2021-04-22', NULL),
	(375, 'Buffy', 'Mann', '885.604.280-94', '2004-06-19', 'Donec.nibh.enim@Quisqueac.com', '(53)02588-0537', 178, 176, '2021-06-14', NULL),
	(376, 'Gay', 'Chavez', '376.513.221-54', '1961-12-12', 'Nunc.mauris@lectussitamet.co.uk', '(33)31186-9145', 179, 177, '2021-03-02', NULL),
	(377, 'Karyn', 'Mason', '768.162.143-76', '1939-07-26', 'mollis@felis.edu', '(79)27052-3119', 180, 178, '2021-01-18', NULL),
	(378, 'Brennan', 'Cleveland', '866.120.058-62', '1952-09-30', 'lacus.varius@Duis.com', '(65)35887-4704', 181, 179, '2021-01-03', NULL),
	(379, 'Galvin', 'Mejia', '820.728.628-58', '1967-06-14', 'sapien.imperdiet@luctusaliquetodio.co.uk', '(72)03565-9301', 182, 180, '2021-05-26', NULL),
	(380, 'Oscar', 'Hardy', '327.301.027-91', '2007-02-03', 'metus.In@lacusvariuset.ca', '(75)42669-4277', 183, 181, '2021-04-06', NULL),
	(381, 'Damon', 'Tucker', '601.026.008-27', '2009-10-21', 'tempor@aliquetProinvelit.co.uk', '(01)66584-3679', 184, 182, '2021-06-24', NULL),
	(382, 'Kane', 'Blankenship', '879.479.226-72', '2010-05-11', 'tortor.at@vitaealiquam.ca', '(12)09761-4867', 185, 183, '2021-04-14', NULL),
	(383, 'Dorothy', 'Wiley', '486.569.259-55', '1999-01-24', 'eu.eleifend.nec@fermentumrisusat.co.uk', '(89)07581-6774', 186, 184, '2021-05-05', NULL),
	(384, 'Hayes', 'Mejia', '101.512.271-69', '1961-01-10', 'dui.Cras@faucibus.com', '(58)87530-7950', 187, 185, '2021-06-15', NULL),
	(385, 'Quemby', 'Chen', '765.784.664-36', '1967-06-22', 'sapien.Aenean@malesuada.edu', '(18)30966-9227', 188, 186, '2021-01-04', NULL),
	(386, 'Julie', 'Hyde', '880.965.739-26', '1942-10-13', 'Fusce@eutemporerat.net', '(25)63480-9939', 189, 187, '2021-03-11', NULL),
	(387, 'Ivor', 'Mueller', '908.980.183-83', '2013-03-31', 'aliquet.molestie@Aenean.net', '(07)84543-7015', 190, 188, '2021-03-26', NULL),
	(388, 'Jessamine', 'Olsen', '307.581.949-36', '1951-12-04', 'Vivamus.nisi.Mauris@lectus.edu', '(46)08648-5619', 191, 189, '2021-01-03', NULL),
	(389, 'Arthur', 'Gibson', '196.465.072-29', '1927-09-15', 'dolor.Quisque.tincidunt@elitpretiumet.org', '(48)76814-2313', 192, 190, '2021-03-31', NULL),
	(390, 'Rogan', 'Ortiz', '042.446.907-56', '1986-05-12', 'consequat.purus@ametconsectetuer.com', '(87)44020-2985', 193, 191, '2021-06-06', NULL),
	(391, 'Lunea', 'Bradley', '124.019.923-17', '1966-02-19', 'risus.odio@a.net', '(73)46189-1852', 194, 192, '2021-02-22', NULL),
	(392, 'Zane', 'Kelley', '666.419.444-89', '1979-02-19', 'per.inceptos.hymenaeos@nec.ca', '(78)48127-8741', 195, 193, '2021-04-02', NULL),
	(393, 'David', 'Bauer', '468.314.313-72', '2008-02-02', 'purus@Duisat.com', '(09)11345-9735', 196, 194, '2021-03-09', NULL),
	(394, 'Joshua', 'Chambers', '010.289.531-62', '1999-10-12', 'urna.justo@Sed.edu', '(28)49058-3872', 197, 195, '2021-07-14', NULL),
	(395, 'Beck', 'Mccray', '856.962.183-69', '1956-05-25', 'sit.amet@sempercursus.org', '(17)41847-2636', 198, 196, '2021-02-01', NULL),
	(396, 'Adena', 'Mcintosh', '363.449.387-24', '1927-12-16', 'Cras.convallis@est.com', '(10)42686-3611', 199, 197, '2021-02-11', NULL),
	(397, 'Jeanette', 'Malone', '213.993.601-10', '1933-05-31', 'vestibulum.Mauris.magna@ametornare.org', '(29)06136-8655', 200, 198, '2021-02-07', NULL),
	(398, 'Basia', 'Hendrix', '554.658.916-17', '1922-10-29', 'Morbi@nislQuisquefringilla.co.uk', '(67)83733-2921', 201, 199, '2021-02-22', NULL),
	(400, 'Lars', 'Byrd', '769.034.372-73', '2002-09-03', 'nulla@dui.co.uk', '(68)69541-2097', 104, 102, '2021-04-10', NULL),
	(401, 'Naomi', 'Ochoa', '153.781.148-91', '1952-07-24', 'pede@Fusce.ca', '(08)14488-9076', 105, 103, '2021-01-25', NULL),
	(402, 'Mary', 'Mclean', '914.666.760-17', '1933-10-30', 'Nam@dictum.com', '(01)22043-2851', 106, 104, '2021-02-03', NULL),
	(403, 'Nyssa', 'Kirk', '462.833.411-83', '2017-09-11', 'a.mi.fringilla@ligulaeuenim.edu', '(29)77863-0519', 107, 105, '2021-04-09', NULL),
	(404, 'Hu', 'Barber', '602.291.714-63', '2002-08-10', 'a.facilisis@variuset.net', '(60)74457-9850', 108, 106, '2021-05-03', NULL),
	(405, 'Nayda', 'Jacobson', '265.155.283-92', '2011-01-31', 'volutpat.Nulla.dignissim@egetnisi.edu', '(40)71873-8672', 109, 107, '2021-04-19', NULL),
	(406, 'Melvin', 'Dunlap', '407.706.087-10', '1936-11-19', 'Proin@enimmi.com', '(16)28348-1946', 110, 108, '2021-04-21', NULL),
	(407, 'Austin', 'Fischer', '308.989.160-39', '1925-05-09', 'consectetuer.ipsum@parturientmontesnascetur.net', '(05)77886-2587', 111, 109, '2021-06-14', NULL),
	(408, 'Diana', 'Massey', '203.131.237-62', '1936-08-05', 'vulputate.lacus.Cras@CurabiturdictumPhasellus.ca', '(45)07785-2485', 112, 110, '2021-02-25', NULL),
	(409, 'Eric', 'Brock', '899.352.670-62', '1964-12-17', 'Integer.id@luctusaliquetodio.org', '(77)65181-6568', 113, 111, '2021-04-20', NULL),
	(410, 'Evelyn', 'English', '741.465.170-93', '1998-02-28', 'at.pretium.aliquet@Phasellusat.net', '(01)14189-9796', 114, 112, '2021-07-13', NULL),
	(411, 'Alice', 'Beck', '048.434.390-26', '1954-01-04', 'libero.est@dui.org', '(47)31167-3471', 115, 113, '2021-03-19', NULL),
	(412, 'Nevada', 'Mayer', '117.892.545-13', '1962-10-06', 'vel.nisl.Quisque@egestasa.com', '(39)48334-2510', 116, 114, '2021-05-14', NULL),
	(413, 'Whitney', 'Irwin', '572.867.448-28', '2003-01-29', 'arcu.Vestibulum@Duisat.org', '(36)60440-3335', 117, 115, '2021-04-14', NULL),
	(414, 'Nichole', 'Greene', '488.903.702-71', '2009-01-29', 'imperdiet.ornare@Nunc.net', '(50)09820-8539', 118, 116, '2021-07-11', NULL),
	(415, 'Felix', 'Mcfarland', '280.689.660-56', '1974-05-02', 'Maecenas.mi.felis@malesuadafamesac.org', '(42)36810-1154', 119, 117, '2021-05-15', NULL),
	(416, 'Vivian', 'Reid', '716.476.600-04', '1926-10-08', 'nec.enim.Nunc@luctussitamet.org', '(05)71305-1935', 120, 118, '2021-03-06', NULL),
	(417, 'Mariko', 'Clay', '883.415.570-43', '2011-01-27', 'Cum.sociis.natoque@pharetraNam.com', '(87)00305-4563', 121, 119, '2021-03-02', NULL),
	(418, 'Roth', 'Kemp', '829.670.996-15', '1922-02-24', 'montes.nascetur.ridiculus@malesuadafringillaest.co.uk', '(19)40137-7697', 122, 120, '2021-01-25', NULL),
	(419, 'Dennis', 'Craig', '708.121.903-00', '1996-10-16', 'Sed@tempor.org', '(79)34132-7867', 123, 121, '2021-06-15', NULL),
	(420, 'Kadeem', 'Walker', '294.115.086-85', '1949-07-08', 'volutpat.Nulla@sit.net', '(52)78174-7898', 124, 122, '2021-05-09', NULL),
	(421, 'Grant', 'Frye', '994.345.743-38', '1991-12-25', 'elementum.sem@amet.co.uk', '(87)32214-7344', 125, 123, '2021-02-14', NULL),
	(422, 'Medge', 'Cardenas', '744.634.708-40', '1980-09-11', 'amet@diameudolor.net', '(54)05110-7386', 126, 124, '2021-04-28', NULL),
	(423, 'Octavius', 'Moss', '056.400.533-58', '1954-04-25', 'feugiat.non@dictumProineget.org', '(05)03756-6214', 127, 125, '2021-04-04', NULL),
	(424, 'Camden', 'Bell', '970.653.429-09', '1994-03-28', 'Sed.nunc@urna.edu', '(58)40872-2392', 128, 126, '2021-04-04', NULL),
	(425, 'Britanney', 'Fisher', '717.394.248-86', '1934-06-27', 'libero@sedpedenec.org', '(79)18363-0676', 129, 127, '2021-01-27', NULL),
	(426, 'Merrill', 'Blanchard', '323.425.479-28', '1929-04-30', 'ultrices.posuere@lectus.net', '(93)92980-9400', 130, 128, '2021-05-06', NULL),
	(427, 'Cole', 'Townsend', '938.008.744-48', '1943-12-07', 'id@velitegestaslacinia.net', '(72)05481-4965', 131, 129, '2021-01-16', NULL),
	(428, 'Sierra', 'Kane', '753.202.166-60', '1991-07-14', 'taciti.sociosqu.ad@aliquetPhasellusfermentum.edu', '(47)40645-2378', 132, 130, '2021-06-20', NULL),
	(429, 'Xerxes', 'Wells', '815.835.495-40', '1968-12-28', 'adipiscing.Mauris.molestie@lectus.co.uk', '(60)71833-5435', 133, 131, '2021-06-17', NULL),
	(430, 'Vielka', 'Thornton', '829.649.602-11', '1954-08-31', 'dis.parturient.montes@Donec.net', '(61)19939-3473', 134, 132, '2021-06-03', NULL),
	(431, 'Solomon', 'Wolf', '656.053.151-33', '1971-12-10', 'elementum.purus.accumsan@sitamet.org', '(28)01078-0824', 135, 133, '2021-03-14', NULL),
	(432, 'Blake', 'Mcintosh', '533.869.869-51', '1984-05-29', 'adipiscing.fringilla@mollis.com', '(94)99234-2544', 136, 134, '2021-05-10', NULL),
	(433, 'Tyler', 'Gibbs', '952.289.788-84', '2012-01-13', 'mus@diamluctus.co.uk', '(67)17596-2675', 137, 135, '2021-05-04', NULL),
	(434, 'Whoopi', 'Fowler', '707.102.515-04', '2001-03-18', 'feugiat@Cras.co.uk', '(82)64320-6578', 138, 136, '2021-02-23', NULL),
	(435, 'Wing', 'Logan', '885.519.069-04', '1970-08-10', 'arcu.eu.odio@Integer.ca', '(11)91446-0906', 139, 137, '2021-02-17', NULL),
	(436, 'Alfreda', 'Davenport', '206.071.025-02', '1969-07-03', 'felis@lectus.org', '(68)28140-2479', 140, 138, '2021-02-24', NULL),
	(437, 'Amaya', 'Powers', '421.975.361-58', '1979-01-26', 'Quisque.varius@nequeNullam.co.uk', '(77)75256-0474', 141, 139, '2021-06-11', NULL),
	(438, 'Fulton', 'Bullock', '238.193.642-40', '1959-11-19', 'sed.sem.egestas@In.co.uk', '(89)08761-4135', 142, 140, '2021-07-13', NULL),
	(439, 'Julie', 'Aguilar', '120.811.935-50', '1962-05-31', 'dis.parturient.montes@scelerisqueloremipsum.co.uk', '(01)59800-7540', 143, 141, '2021-01-17', NULL),
	(440, 'Meghan', 'Fleming', '745.379.729-34', '2012-08-05', 'libero.Proin@eu.co.uk', '(91)35788-5598', 144, 142, '2021-07-09', NULL),
	(441, 'Dorian', 'Munoz', '613.629.274-46', '1991-01-18', 'bibendum@urna.org', '(90)74010-6672', 145, 143, '2021-03-28', NULL),
	(442, 'Keely', 'Daniel', '185.665.909-07', '1921-12-03', 'adipiscing@fringilla.com', '(17)05865-6367', 146, 144, '2021-01-10', NULL),
	(443, 'Chiquita', 'Osborn', '301.322.730-24', '1930-01-29', 'sit@tortorNunccommodo.com', '(89)43652-4369', 147, 145, '2021-02-16', NULL),
	(444, 'Yardley', 'Melton', '013.468.253-51', '2010-09-08', 'dictum@Fuscedolor.net', '(31)17552-4761', 148, 146, '2021-03-24', NULL),
	(445, 'Minerva', 'Wise', '093.618.091-43', '1988-05-05', 'tincidunt@vitaeorci.org', '(96)33478-7673', 149, 147, '2021-04-08', NULL),
	(446, 'Meghan', 'Rowe', '231.491.779-21', '1929-11-14', 'varius.orci.in@odiosagittissemper.ca', '(16)48516-9334', 150, 148, '2021-05-24', NULL),
	(447, 'Tallulah', 'Nielsen', '037.117.848-24', '1929-07-28', 'eleifend.nunc.risus@aliquetsemut.com', '(86)15264-9348', 151, 149, '2021-04-09', NULL),
	(448, 'David', 'Aguilar', '247.389.488-49', '2020-10-14', 'Lorem.ipsum@commodoauctor.net', '(25)90539-6898', 152, 150, '2021-04-02', NULL),
	(449, 'Adrienne', 'Stout', '559.844.467-99', '1943-08-24', 'arcu.ac@Phasellusnulla.co.uk', '(32)21716-5003', 153, 151, '2021-02-23', NULL),
	(450, 'Rebecca', 'Lynch', '665.295.629-88', '1979-06-09', 'sit@diamloremauctor.edu', '(89)04676-0352', 154, 152, '2021-02-05', NULL),
	(451, 'Ferris', 'Hays', '637.927.743-81', '1934-06-21', 'Duis@euturpis.org', '(74)79916-1980', 155, 153, '2021-06-26', NULL),
	(452, 'Justin', 'Kirkland', '861.118.214-63', '1937-06-10', 'ante@sedest.edu', '(13)03114-9346', 156, 154, '2021-04-15', NULL),
	(453, 'Mallory', 'Cherry', '547.034.374-79', '1954-05-17', 'nec.leo.Morbi@acmieleifend.ca', '(59)80558-7184', 157, 155, '2021-01-10', NULL),
	(454, 'Melissa', 'Estrada', '242.181.047-58', '2012-05-15', 'sed.consequat.auctor@neque.org', '(11)19165-8175', 158, 156, '2021-05-08', NULL),
	(455, 'Giacomo', 'Pugh', '544.478.696-82', '1990-02-09', 'magna.Ut@ultriciesligulaNullam.org', '(43)65681-3572', 159, 157, '2021-05-27', NULL),
	(456, 'Hasad', 'Hurst', '889.876.612-63', '1949-06-20', 'orci.in@orci.net', '(26)94933-6761', 160, 158, '2021-05-17', NULL),
	(457, 'Prescott', 'Moody', '926.719.600-65', '1955-08-05', 'dolor.Nulla@Sedid.net', '(49)28095-1707', 161, 159, '2021-04-18', NULL),
	(458, 'Lyle', 'Frederick', '323.683.423-77', '2013-08-07', 'auctor.non@lorem.net', '(38)40956-7171', 162, 160, '2021-01-10', NULL),
	(459, 'Herman', 'Sandoval', '244.607.776-64', '1931-03-17', 'ipsum.non@dolorNullasemper.edu', '(41)23353-3303', 163, 161, '2021-04-29', NULL),
	(460, 'Pearl', 'Baxter', '975.394.405-23', '1976-11-12', 'ac@natoquepenatibuset.co.uk', '(45)69431-1152', 164, 162, '2021-04-11', NULL),
	(461, 'Melvin', 'Holland', '162.682.564-88', '1935-06-17', 'arcu.iaculis.enim@consequatlectussit.com', '(45)73350-9504', 165, 163, '2021-02-20', NULL),
	(462, 'Vivien', 'Witt', '113.945.183-72', '2003-08-07', 'hendrerit.consectetuer@nonummyut.com', '(61)89555-9005', 166, 164, '2021-01-15', NULL),
	(463, 'Abbot', 'Anderson', '848.828.697-64', '1966-04-03', 'tellus.sem@Sedmalesuadaaugue.ca', '(47)11951-1470', 167, 165, '2021-03-16', NULL),
	(464, 'Hoyt', 'Hatfield', '707.462.938-11', '1966-10-26', 'vel.nisl.Quisque@lectuspede.co.uk', '(02)81159-6224', 168, 166, '2021-01-03', NULL),
	(465, 'Sandra', 'Weber', '914.286.364-87', '2000-07-18', 'mi.ac@condimentumegetvolutpat.com', '(09)96540-9900', 169, 167, '2021-03-09', NULL),
	(466, 'Conan', 'Boone', '155.597.256-80', '1921-08-17', 'orci.Ut.sagittis@Maurisnulla.co.uk', '(44)39253-9760', 170, 168, '2021-05-10', NULL),
	(467, 'Zia', 'Fry', '024.482.362-08', '1931-03-20', 'ante@lectusrutrumurna.edu', '(96)52331-7834', 171, 169, '2021-03-30', NULL),
	(468, 'Jorden', 'Lamb', '791.650.319-04', '1990-05-26', 'dolor@pede.co.uk', '(07)23752-9620', 172, 170, '2021-04-03', NULL),
	(469, 'Martin', 'Curry', '624.172.431-49', '1970-07-05', 'nec.tellus.Nunc@semsempererat.net', '(17)09429-5630', 173, 171, '2021-05-12', NULL),
	(470, 'Sara', 'Klein', '584.805.594-68', '1966-11-14', 'natoque.penatibus.et@FuscemollisDuis.org', '(40)11551-1358', 174, 172, '2021-01-11', NULL),
	(471, 'Jolene', 'Brewer', '974.811.151-47', '2012-12-03', 'vel.nisl.Quisque@duiquisaccumsan.ca', '(19)62685-1637', 175, 173, '2021-07-10', NULL),
	(472, 'Tiger', 'Lawson', '297.028.814-01', '1970-03-09', 'ornare.tortor.at@atpedeCras.edu', '(85)75301-5012', 176, 174, '2021-03-29', NULL),
	(473, 'Kibo', 'Buckner', '977.561.772-74', '1937-05-14', 'tellus.Nunc.lectus@semutdolor.org', '(13)59052-9719', 177, 175, '2021-04-22', NULL),
	(474, 'Miranda', 'Clayton', '006.006.289-70', '1943-07-31', 'sem.semper@Nuncac.net', '(63)57965-7878', 178, 176, '2021-06-07', NULL),
	(475, 'Jenette', 'Guthrie', '305.489.418-84', '1990-08-22', 'rhoncus@velit.co.uk', '(49)20637-2040', 179, 177, '2021-05-29', NULL),
	(476, 'Chester', 'Fry', '397.288.761-90', '1974-04-18', 'Quisque.fringilla.euismod@semut.org', '(58)59294-5945', 180, 178, '2021-04-09', NULL),
	(477, 'Jamalia', 'Palmer', '972.259.357-54', '1959-09-19', 'Nullam@duiSuspendisseac.edu', '(98)44613-3199', 181, 179, '2021-04-02', NULL),
	(478, 'Kevyn', 'Cook', '381.814.662-63', '2010-05-19', 'lorem.ut.aliquam@disparturient.edu', '(18)29925-9917', 182, 180, '2021-06-26', NULL),
	(479, 'Alvin', 'Conley', '702.047.537-92', '1967-11-22', 'Sed.nec.metus@nequepellentesquemassa.org', '(38)18966-7280', 183, 181, '2021-04-17', NULL),
	(480, 'Zena', 'Macdonald', '104.710.794-66', '1965-05-28', 'purus.Maecenas.libero@arcuvelquam.co.uk', '(59)43498-4011', 184, 182, '2021-04-26', NULL),
	(481, 'Hiroko', 'Garcia', '813.947.846-28', '1987-01-17', 'magna.Nam.ligula@vitae.org', '(61)62888-7389', 185, 183, '2021-02-28', NULL),
	(482, 'Myra', 'York', '379.773.905-05', '1994-11-29', 'In.tincidunt@enimMauris.net', '(34)83245-1836', 186, 184, '2021-01-12', NULL),
	(483, 'Igor', 'Gonzalez', '401.584.640-31', '1953-08-10', 'imperdiet.nec.leo@dictumeleifend.co.uk', '(05)58709-1721', 187, 185, '2021-07-04', NULL),
	(484, 'Hiram', 'Ferrell', '265.879.313-36', '1975-03-27', 'Mauris.molestie.pharetra@non.edu', '(87)04951-3642', 188, 186, '2021-01-28', NULL),
	(485, 'Eliana', 'Mullen', '302.403.089-41', '2013-04-15', 'Nam.porttitor.scelerisque@MorbimetusVivamus.co.uk', '(19)80738-6565', 189, 187, '2021-03-23', NULL),
	(486, 'Charlotte', 'Turner', '764.343.019-85', '1981-06-21', 'non.magna@cursus.com', '(28)51987-0522', 190, 188, '2021-05-28', NULL),
	(487, 'Leilani', 'Meyers', '813.971.812-47', '1972-02-27', 'parturient.montes.nascetur@at.ca', '(39)54531-7701', 191, 189, '2021-02-02', NULL),
	(488, 'Thomas', 'Benjamin', '517.156.095-03', '2014-04-10', 'leo.Cras.vehicula@Aliquam.edu', '(80)71925-3882', 192, 190, '2021-02-16', NULL),
	(489, 'Stacey', 'Edwards', '615.408.058-38', '1950-06-01', 'molestie@Cum.com', '(81)17992-4079', 193, 191, '2021-02-08', NULL),
	(490, 'Halla', 'Gould', '912.399.587-93', '2006-06-12', 'pellentesque@risusodio.co.uk', '(62)14299-3384', 194, 192, '2021-04-25', NULL),
	(491, 'Cameron', 'Wilkerson', '008.607.677-09', '1959-07-07', 'sodales@nisiaodio.com', '(66)24307-0642', 195, 193, '2021-02-25', NULL),
	(492, 'Upton', 'Buck', '593.733.789-29', '2011-01-01', 'velit.Quisque@laciniaSed.ca', '(41)32017-1228', 196, 194, '2021-01-11', NULL),
	(493, 'Byron', 'Humphrey', '763.442.378-84', '1940-05-21', 'dapibus@Nullam.org', '(30)85636-3229', 197, 195, '2021-05-24', NULL),
	(494, 'Ruth', 'Beck', '606.248.659-27', '1965-05-20', 'quam.a.felis@pellentesqueSeddictum.co.uk', '(98)62806-5541', 198, 196, '2021-05-28', NULL),
	(495, 'Linda', 'Rios', '414.408.097-60', '1924-03-12', 'ac.ipsum.Phasellus@gravidanuncsed.net', '(68)66664-2731', 199, 197, '2021-03-21', NULL),
	(496, 'Seth', 'Ball', '947.934.413-04', '1956-06-29', 'suscipit.est.ac@tortordictumeu.com', '(53)69410-8911', 200, 198, '2021-01-30', NULL),
	(497, 'Alana', 'Mercer', '363.319.276-05', '2003-12-02', 'non.lacinia@pharetraut.ca', '(93)01442-7299', 201, 199, '2021-01-20', NULL),
	(499, 'Mira', 'Collier', '123.456.789-01', '1988-04-03', 'mira@gmail.com', '(47) 95454-5787', 4, 2, '2021-07-16', NULL);
/*!40000 ALTER TABLE `moradores` ENABLE KEYS */;

-- Copiando estrutura para tabela db_sa.usuarios
CREATE TABLE IF NOT EXISTS `usuarios` (
  `id` int unsigned NOT NULL AUTO_INCREMENT,
  `nome` varchar(100) CHARACTER SET utf8 COLLATE utf8_general_ci NOT NULL,
  `sobrenome` varchar(100) CHARACTER SET utf8 COLLATE utf8_general_ci NOT NULL,
  `email` varchar(100) NOT NULL,
  `senha` varchar(100) CHARACTER SET utf8 COLLATE utf8_general_ci NOT NULL,
  `tipo` enum('MORADOR','PORTEIRO','SINDICO') NOT NULL DEFAULT 'MORADOR',
  `ativo` enum('ATIVO','INATIVO') DEFAULT 'ATIVO',
  `nascimento` date DEFAULT NULL,
  `telefone` varchar(15) CHARACTER SET utf8 COLLATE utf8_general_ci DEFAULT NULL,
  PRIMARY KEY (`id`),
  UNIQUE KEY `email` (`email`)
) ENGINE=InnoDB AUTO_INCREMENT=203 DEFAULT CHARSET=utf8mb3;

-- Copiando dados para a tabela db_sa.usuarios: ~201 rows (aproximadamente)
DELETE FROM `usuarios`;
/*!40000 ALTER TABLE `usuarios` DISABLE KEYS */;
INSERT INTO `usuarios` (`id`, `nome`, `sobrenome`, `email`, `senha`, `tipo`, `ativo`, `nascimento`, `telefone`) VALUES
	(1, 'Usuario', 'Admin', 'admin@admin.com', '$2y$10$vXpUPf6hm636pg5xVkfhYOnwuU2tH.lFv3hihXRwjrdEzSjT41chi', 'SINDICO', 'ATIVO', NULL, NULL),
	(2, 'Sindico', 'Sindico', 'sindico@sindico.com', '5189', 'SINDICO', 'ATIVO', '1968-10-03', '(96)40934-0267'),
	(3, 'Severino', 'Caracrachá', 'porteiro@porteiro.com', '4526', 'PORTEIRO', 'ATIVO', '1973-06-21', '(32)01657-8720'),
	(4, 'Mira', 'Collier', 'mira@gmail.com', '$2y$10$YdFFPgT4aTzmlAnKn2ipcuhdj/aGGHdspeY.8gP0vD6MlgmBcAH9O', 'MORADOR', 'ATIVO', '1974-12-19', '(63)26310-6347'),
	(5, 'Victoria', 'Brown', 'interdum.feugiat@Proinnonmassa.edu', '6790', 'MORADOR', 'ATIVO', '1954-01-02', '(44)19390-0236'),
	(6, 'Shad', 'Jenkins', 'sed.pede@bibendumullamcorperDuis.edu', '1826', 'MORADOR', 'ATIVO', '2011-02-12', '(55)21908-7329'),
	(7, 'Kasimir', 'Burnett', 'diam@eunullaat.edu', '4494', 'MORADOR', 'ATIVO', '1935-02-09', '(57)51802-1461'),
	(8, 'Stuart', 'Morrow', 'montes.nascetur.ridiculus@liberoMorbiaccumsan.ca', '9982', 'MORADOR', 'ATIVO', '1987-11-21', '(37)82282-6883'),
	(9, 'Samson', 'Golden', 'nulla.Donec@velitSed.co.uk', '9042', 'MORADOR', 'ATIVO', '1927-10-27', '(87)97857-4819'),
	(10, 'Ronan', 'Monroe', 'libero@elitsed.ca', '8156', 'MORADOR', 'ATIVO', '1947-10-09', '(22)30483-0777'),
	(11, 'Jenette', 'Horn', 'Nam.interdum.enim@tristiqueneque.co.uk', '3129', 'MORADOR', 'ATIVO', '1986-12-31', '(72)20144-0909'),
	(12, 'Sloane', 'Norton', 'Nunc.ullamcorper.velit@Fuscemi.net', '4404', 'MORADOR', 'ATIVO', '1930-11-14', '(35)08933-9638'),
	(13, 'Abigail', 'Mendez', 'sollicitudin@nulla.co.uk', '4449', 'MORADOR', 'ATIVO', '2001-06-08', '(70)44379-1367'),
	(14, 'Yeo', 'Sanders', 'nec.urna@Class.edu', '1764', 'MORADOR', 'ATIVO', '1933-11-19', '(87)78752-9426'),
	(15, 'Allegra', 'Alexander', 'Praesent.eu@suscipitestac.org', '3447', 'MORADOR', 'ATIVO', '1996-01-05', '(81)34798-6399'),
	(16, 'Fredericka', 'Hale', 'Aenean.eget.magna@seddui.org', '6836', 'MORADOR', 'ATIVO', '1999-04-06', '(37)15133-6038'),
	(17, 'Colby', 'Dickson', 'suscipit.est@sem.ca', '7637', 'MORADOR', 'ATIVO', '1929-06-01', '(72)74080-0627'),
	(18, 'Shafira', 'Terry', 'cursus.Nunc.mauris@risusquis.org', '3039', 'MORADOR', 'ATIVO', '1969-04-04', '(56)26972-3641'),
	(19, 'Xander', 'Williams', 'nec.urna.et@tincidunttempus.ca', '3131', 'MORADOR', 'ATIVO', '1940-12-17', '(31)19480-7076'),
	(20, 'Carlos', 'Jacobs', 'eu@orciinconsequat.net', '7587', 'MORADOR', 'ATIVO', '1959-12-23', '(51)55323-6098'),
	(21, 'Martin', 'Serrano', 'amet.massa.Quisque@lectus.ca', '2837', 'MORADOR', 'ATIVO', '1926-03-25', '(97)13539-7952'),
	(22, 'Buckminster', 'Evans', 'facilisis.vitae@Phasellus.co.uk', '9620', 'MORADOR', 'ATIVO', '1925-03-09', '(22)13125-5890'),
	(23, 'Yeo', 'Howell', 'ante@Morbinonsapien.edu', '1851', 'MORADOR', 'ATIVO', '1953-06-26', '(43)27796-3472'),
	(24, 'Zenaida', 'Riley', 'metus.vitae.velit@orci.edu', '3586', 'MORADOR', 'ATIVO', '1948-01-09', '(43)49568-0837'),
	(25, 'Melyssa', 'Fowler', 'Nullam.enim.Sed@semper.edu', '2595', 'MORADOR', 'ATIVO', '1994-04-20', '(45)43605-2504'),
	(26, 'Burke', 'Castro', 'Cras@necluctus.ca', '9833', 'MORADOR', 'ATIVO', '2001-07-05', '(25)14395-2565'),
	(27, 'Yen', 'Vang', 'enim@Sednulla.com', '6778', 'MORADOR', 'ATIVO', '1957-03-12', '(74)89332-1144'),
	(28, 'Carl', 'Santana', 'In.faucibus.Morbi@laciniaSedcongue.org', '9030', 'MORADOR', 'ATIVO', '1987-05-09', '(03)42203-0255'),
	(29, 'Rosalyn', 'Logan', 'eget.mollis.lectus@sagittisNullamvitae.edu', '6844', 'MORADOR', 'ATIVO', '1950-07-13', '(21)44471-0334'),
	(30, 'Sopoline', 'Craig', 'lobortis@arcuVestibulumante.co.uk', '2145', 'MORADOR', 'ATIVO', '1936-06-26', '(44)16684-5498'),
	(31, 'Kuame', 'Elliott', 'enim.mi.tempor@vulputaterisus.net', '6760', 'MORADOR', 'ATIVO', '1940-05-14', '(19)20281-4605'),
	(32, 'Ferris', 'Preston', 'arcu@condimentumDonecat.edu', '5635', 'MORADOR', 'ATIVO', '1934-07-01', '(10)98426-8685'),
	(33, 'Jolene', 'Howell', 'nisi@acmetusvitae.com', '3326', 'MORADOR', 'ATIVO', '1952-04-07', '(40)62147-3055'),
	(34, 'Mason', 'Kent', 'risus.at.fringilla@placerataugue.edu', '2877', 'MORADOR', 'ATIVO', '1936-03-24', '(97)80533-7798'),
	(35, 'Zena', 'Avery', 'Sed.nec@Donectincidunt.net', '8841', 'MORADOR', 'ATIVO', '1939-12-18', '(24)70557-9358'),
	(36, 'Echo', 'Patel', 'feugiat@nonjustoProin.net', '3353', 'MORADOR', 'ATIVO', '1976-03-13', '(31)54575-4770'),
	(37, 'Dante', 'Carr', 'Donec@nec.edu', '7903', 'MORADOR', 'ATIVO', '1925-08-28', '(92)17606-0814'),
	(38, 'Cameron', 'Fitzpatrick', 'nulla.Donec@odio.org', '2650', 'MORADOR', 'ATIVO', '2012-02-27', '(18)19497-0127'),
	(39, 'Cassady', 'Zamora', 'ornare.lectus@Sedauctor.ca', '8666', 'MORADOR', 'ATIVO', '1922-04-27', '(29)81918-9270'),
	(40, 'Igor', 'Schwartz', 'Integer.id@idrisus.net', '9423', 'MORADOR', 'ATIVO', '1989-07-16', '(90)49046-0013'),
	(41, 'Brooke', 'Clemons', 'velit@posuereenimnisl.com', '4775', 'MORADOR', 'ATIVO', '1948-09-13', '(71)84985-5075'),
	(42, 'Quinn', 'Barlow', 'tristique.ac.eleifend@lobortisClassaptent.edu', '7660', 'MORADOR', 'ATIVO', '1947-01-15', '(11)05533-1591'),
	(43, 'Jarrod', 'Donovan', 'elit.pharetra@pede.ca', '7037', 'MORADOR', 'ATIVO', '2011-02-23', '(17)94231-7817'),
	(44, 'Wendy', 'Hunt', 'velit.Quisque@eu.net', '2888', 'MORADOR', 'ATIVO', '2002-08-17', '(38)35423-3107'),
	(45, 'Tashya', 'Pugh', 'Curabitur@massa.edu', '3206', 'MORADOR', 'ATIVO', '1956-09-06', '(16)31543-0988'),
	(46, 'Cecilia', 'Giles', 'montes.nascetur@arcuimperdietullamcorper.co.uk', '5031', 'MORADOR', 'ATIVO', '1955-02-07', '(11)65049-4068'),
	(47, 'Kasper', 'Miles', 'tempus@in.ca', '5293', 'MORADOR', 'ATIVO', '1954-02-16', '(13)82235-6521'),
	(48, 'Francesca', 'Jarvis', 'egestas.Sed.pharetra@atiaculis.ca', '7893', 'MORADOR', 'ATIVO', '1967-07-03', '(92)65657-8162'),
	(49, 'Nyssa', 'Osborn', 'quis.pede.Praesent@amet.ca', '8563', 'MORADOR', 'ATIVO', '1921-04-21', '(85)56715-4378'),
	(50, 'Tamekah', 'Mckinney', 'eget.dictum@consequat.co.uk', '3772', 'MORADOR', 'ATIVO', '1986-06-29', '(00)99610-1229'),
	(51, 'Bruno', 'Patton', 'elementum.at@CurabiturdictumPhasellus.edu', '3332', 'MORADOR', 'ATIVO', '1932-08-08', '(32)56679-5969'),
	(52, 'Hayfa', 'Chaney', 'nonummy.ut@ultricessitamet.net', '5619', 'MORADOR', 'ATIVO', '2010-02-20', '(62)97726-8334'),
	(53, 'Francis', 'Weeks', 'consequat.auctor.nunc@volutpat.co.uk', '1299', 'MORADOR', 'ATIVO', '1993-02-27', '(02)78387-5139'),
	(54, 'Althea', 'Daniel', 'mauris.aliquam@uterosnon.net', '6072', 'MORADOR', 'ATIVO', '1972-06-23', '(17)17055-8906'),
	(55, 'Glenna', 'Mayo', 'quis.massa@nonvestibulumnec.edu', '7545', 'MORADOR', 'ATIVO', '1944-09-28', '(48)33886-3935'),
	(56, 'Fiona', 'Walters', 'Suspendisse@nonummyFuscefermentum.edu', '4715', 'MORADOR', 'ATIVO', '1989-01-19', '(13)24492-4333'),
	(57, 'Blythe', 'Williams', 'viverra.Donec@urna.co.uk', '2391', 'MORADOR', 'ATIVO', '1965-10-08', '(42)84969-1203'),
	(58, 'Wilma', 'Petersen', 'facilisi@Donecconsectetuermauris.org', '5790', 'MORADOR', 'ATIVO', '1996-05-28', '(51)74285-7724'),
	(59, 'Arsenio', 'Bates', 'eu.dui.Cum@vel.org', '7400', 'MORADOR', 'ATIVO', '2020-11-29', '(43)65273-4572'),
	(60, 'Hanna', 'Klein', 'facilisis@vitae.net', '8474', 'MORADOR', 'ATIVO', '1925-11-23', '(94)67762-3604'),
	(61, 'Blair', 'Whitehead', 'sem.Nulla@atauctor.edu', '3645', 'MORADOR', 'ATIVO', '1939-08-25', '(51)13186-0000'),
	(62, 'Brent', 'Rodriquez', 'In.faucibus.Morbi@rutrumeu.edu', '8758', 'MORADOR', 'ATIVO', '1947-09-20', '(73)55135-6353'),
	(63, 'Lucius', 'Wiley', 'vitae.sodales.at@magnis.org', '4394', 'MORADOR', 'ATIVO', '1925-04-14', '(03)19157-5636'),
	(64, 'Maggie', 'Ruiz', 'nec@Nuncmauris.com', '9663', 'MORADOR', 'ATIVO', '1999-01-15', '(50)90241-9678'),
	(65, 'Meghan', 'Hess', 'nisl@amalesuada.edu', '1949', 'MORADOR', 'ATIVO', '2018-09-12', '(41)93703-3681'),
	(66, 'Bruno', 'Cotton', 'nunc@lacinia.edu', '1542', 'MORADOR', 'ATIVO', '1966-01-21', '(09)92617-1028'),
	(67, 'Velma', 'Barlow', 'dui.semper.et@ametfaucibusut.org', '3676', 'MORADOR', 'ATIVO', '1984-09-21', '(68)73727-3389'),
	(68, 'Dieter', 'Key', 'Quisque.imperdiet@consectetuereuismodest.net', '1539', 'MORADOR', 'ATIVO', '1937-04-19', '(03)66415-4999'),
	(69, 'Uta', 'Osborn', 'consequat.auctor@disparturientmontes.org', '8370', 'MORADOR', 'ATIVO', '1967-01-26', '(14)05847-4562'),
	(70, 'Ciaran', 'Salinas', 'arcu.Vivamus.sit@tellus.co.uk', '7769', 'MORADOR', 'ATIVO', '2015-04-26', '(63)16170-1044'),
	(71, 'Austin', 'Callahan', 'velit.Cras@Cumsociis.co.uk', '7419', 'MORADOR', 'ATIVO', '2012-01-02', '(72)81928-4834'),
	(72, 'Audrey', 'Murphy', 'viverra@Suspendissealiquetsem.com', '5785', 'MORADOR', 'ATIVO', '1943-09-01', '(16)98215-9622'),
	(73, 'Francis', 'Nichols', 'tempor.diam.dictum@utcursusluctus.co.uk', '8179', 'MORADOR', 'ATIVO', '1957-12-11', '(75)43554-0167'),
	(74, 'Mason', 'Jacobs', 'Sed.neque@mifringillami.ca', '6586', 'MORADOR', 'ATIVO', '1966-10-18', '(68)30818-0360'),
	(75, 'Lunea', 'Shannon', 'elementum.dui.quis@fermentum.org', '2467', 'MORADOR', 'ATIVO', '1959-07-12', '(12)26167-1261'),
	(76, 'Vivian', 'Vinson', 'dis.parturient@amet.edu', '3837', 'MORADOR', 'ATIVO', '1921-03-09', '(81)04660-6143'),
	(77, 'Quincy', 'Lloyd', 'vitae.purus@ipsum.edu', '5586', 'MORADOR', 'ATIVO', '1999-08-11', '(64)12914-4680'),
	(78, 'Dante', 'Jimenez', 'Nulla@sedsem.net', '2038', 'MORADOR', 'ATIVO', '1961-10-05', '(17)76495-4225'),
	(79, 'Kevyn', 'Jensen', 'magna.a.tortor@congueIn.net', '5056', 'MORADOR', 'ATIVO', '1964-06-03', '(10)85053-1753'),
	(80, 'Inez', 'Pearson', 'eget.metus.eu@amifringilla.edu', '4261', 'MORADOR', 'ATIVO', '2018-06-05', '(99)30130-7199'),
	(81, 'Keane', 'Maldonado', 'Praesent@nec.net', '9310', 'MORADOR', 'ATIVO', '1931-05-18', '(48)83462-3785'),
	(82, 'Leroy', 'Serrano', 'Phasellus.in@Phasellusdolor.edu', '9768', 'MORADOR', 'ATIVO', '1964-08-24', '(76)36591-6654'),
	(83, 'Jenette', 'Crawford', 'lectus.convallis.est@quis.ca', '7525', 'MORADOR', 'ATIVO', '1952-05-08', '(11)79865-7436'),
	(84, 'Demetria', 'Owens', 'eu.arcu.Morbi@in.edu', '3639', 'MORADOR', 'ATIVO', '2005-11-21', '(44)32052-8211'),
	(85, 'Nerea', 'Hull', 'sapien@nectellusNunc.com', '5075', 'MORADOR', 'ATIVO', '2000-11-29', '(90)10685-2715'),
	(86, 'Melodie', 'Owen', 'fermentum.arcu@Vivamus.org', '9359', 'MORADOR', 'ATIVO', '1972-09-14', '(90)23111-1710'),
	(87, 'Lucius', 'Lane', 'Nulla@Nunclectuspede.com', '4806', 'MORADOR', 'ATIVO', '2014-02-27', '(20)88378-3568'),
	(88, 'Paula', 'Gaines', 'vulputate@nuncest.ca', '6726', 'MORADOR', 'ATIVO', '1934-10-10', '(48)63189-0142'),
	(89, 'Orson', 'Sampson', 'lectus@lorem.co.uk', '4294', 'MORADOR', 'ATIVO', '1996-02-02', '(01)28261-6957'),
	(90, 'Flynn', 'Gomez', 'non@sodalesnisi.net', '3186', 'MORADOR', 'ATIVO', '2000-03-01', '(16)57815-1055'),
	(91, 'Mannix', 'Shepard', 'pede.Cum@ettristiquepellentesque.org', '2619', 'MORADOR', 'ATIVO', '1969-01-07', '(37)46583-4596'),
	(92, 'Chester', 'Miller', 'porttitor@fermentumvel.net', '1784', 'MORADOR', 'ATIVO', '2021-04-19', '(98)20376-7123'),
	(93, 'Alfonso', 'Quinn', 'Duis.a@at.org', '9000', 'MORADOR', 'ATIVO', '2013-03-13', '(91)35133-5203'),
	(94, 'Myles', 'Brady', 'sapien@accumsan.net', '7064', 'MORADOR', 'ATIVO', '1940-05-03', '(89)49910-8843'),
	(95, 'Wendy', 'Hodges', 'arcu.et.pede@arcuCurabiturut.org', '3580', 'MORADOR', 'ATIVO', '1973-12-19', '(95)99139-9919'),
	(96, 'Susan', 'Dunlap', 'vitae@Suspendissealiquet.co.uk', '2343', 'MORADOR', 'ATIVO', '1998-11-05', '(70)64308-0309'),
	(97, 'Anastasia', 'Mendoza', 'ante.bibendum@aliquet.ca', '2597', 'MORADOR', 'ATIVO', '1929-04-15', '(59)06391-5549'),
	(98, 'Idola', 'Rose', 'eleifend.nec.malesuada@erosNamconsequat.net', '1369', 'MORADOR', 'ATIVO', '1992-10-31', '(93)20513-0570'),
	(99, 'Hyatt', 'Sims', 'non@ut.net', '2950', 'MORADOR', 'ATIVO', '1966-11-10', '(25)51056-4385'),
	(100, 'Ryder', 'Rogers', 'ornare.tortor@rhoncusNullam.com', '9630', 'MORADOR', 'ATIVO', '1932-12-03', '(09)58104-6504'),
	(101, 'Aretha', 'Swanson', 'Suspendisse.sagittis@pedesagittis.net', '2915', 'MORADOR', 'ATIVO', '1926-06-03', '(17)85324-9116'),
	(102, 'Joy', 'Neal', 'sem@congueturpis.com', '9319', 'MORADOR', 'ATIVO', '1938-08-01', '(82)49247-5722'),
	(103, 'Conan', 'Singleton', 'lobortis@eu.com', '9179', 'MORADOR', 'ATIVO', '1928-06-17', '(58)32855-0935'),
	(104, 'Marshall', 'Fuller', 'erat@nunc.co.uk', '7678', 'MORADOR', 'ATIVO', '1961-05-13', '(25)29915-7219'),
	(105, 'Keely', 'Fitzpatrick', 'Proin.vel@DonecestNunc.co.uk', '4016', 'MORADOR', 'ATIVO', '1980-12-13', '(90)42059-0960'),
	(106, 'Clio', 'Rocha', 'Duis.dignissim.tempor@sociisnatoquepenatibus.co.uk', '6228', 'MORADOR', 'ATIVO', '1929-08-18', '(63)43785-2846'),
	(107, 'Isaac', 'Davidson', 'lorem@quisaccumsanconvallis.com', '4138', 'MORADOR', 'ATIVO', '1937-10-07', '(26)29638-3360'),
	(108, 'Dara', 'Potts', 'eget.dictum.placerat@habitantmorbi.com', '3159', 'MORADOR', 'ATIVO', '1943-08-30', '(92)41817-9179'),
	(109, 'Lavinia', 'Fernandez', 'vel.est@nonummyac.co.uk', '5006', 'MORADOR', 'ATIVO', '1949-01-24', '(63)27377-9506'),
	(110, 'Lucy', 'Tran', 'fringilla@eratneque.co.uk', '2047', 'MORADOR', 'ATIVO', '1924-02-02', '(91)39447-8028'),
	(111, 'Blake', 'Ashley', 'Phasellus@velit.edu', '5758', 'MORADOR', 'ATIVO', '1924-10-29', '(98)06931-0436'),
	(112, 'Camden', 'Roy', 'egestas.a@NuncmaurisMorbi.edu', '3667', 'MORADOR', 'ATIVO', '1965-12-20', '(76)63056-0242'),
	(113, 'Fitzgerald', 'Sears', 'justo@ligula.com', '1660', 'MORADOR', 'ATIVO', '1944-12-31', '(38)29386-0249'),
	(114, 'Naida', 'Combs', 'turpis@sit.edu', '5668', 'MORADOR', 'ATIVO', '1999-02-02', '(50)02363-6571'),
	(115, 'Jada', 'Murphy', 'tortor@elitafeugiat.ca', '3413', 'MORADOR', 'ATIVO', '2005-04-06', '(33)64067-0142'),
	(116, 'Connor', 'Adkins', 'velit.Quisque@IntegermollisInteger.com', '1874', 'MORADOR', 'ATIVO', '1990-01-22', '(70)37457-4485'),
	(117, 'Marshall', 'Albert', 'odio@ac.co.uk', '4956', 'MORADOR', 'ATIVO', '1956-02-16', '(67)16175-0294'),
	(118, 'Jordan', 'Roth', 'enim.Etiam@Crasdolordolor.co.uk', '7863', 'MORADOR', 'ATIVO', '1976-08-28', '(19)36897-5148'),
	(119, 'Linus', 'Hayden', 'semper@nuncsedlibero.ca', '8668', 'MORADOR', 'ATIVO', '1943-03-17', '(80)30455-0873'),
	(120, 'Fulton', 'Kemp', 'Nulla.dignissim@malesuada.ca', '2687', 'MORADOR', 'ATIVO', '1929-04-15', '(66)44006-4666'),
	(121, 'Susan', 'Chaney', 'mi@egestasnuncsed.co.uk', '7583', 'MORADOR', 'ATIVO', '1956-02-22', '(64)10496-6019'),
	(122, 'Acton', 'Cameron', 'Quisque.nonummy.ipsum@orciconsectetuer.net', '5997', 'MORADOR', 'ATIVO', '1945-03-15', '(14)55360-2618'),
	(123, 'Ivana', 'Armstrong', 'placerat@Proin.edu', '7858', 'MORADOR', 'ATIVO', '1999-05-28', '(12)04775-6536'),
	(124, 'Garth', 'Bailey', 'Cum.sociis@mi.co.uk', '9295', 'MORADOR', 'ATIVO', '1985-05-23', '(08)19574-0720'),
	(125, 'Indigo', 'Callahan', 'Sed.neque@afelisullamcorper.edu', '5177', 'MORADOR', 'ATIVO', '2000-05-30', '(22)09243-9685'),
	(126, 'Jermaine', 'Holmes', 'mollis.Phasellus@lectuspede.ca', '3686', 'MORADOR', 'ATIVO', '1950-10-30', '(69)23032-5122'),
	(127, 'Keelie', 'Murray', 'nibh@consequatauctornunc.ca', '4085', 'MORADOR', 'ATIVO', '1922-01-08', '(07)06494-7755'),
	(128, 'Marcia', 'Petersen', 'auctor@penatibuset.net', '4476', 'MORADOR', 'ATIVO', '1952-12-22', '(70)18064-4869'),
	(129, 'Veda', 'Stevens', 'conubia@Nullamsuscipitest.net', '4339', 'MORADOR', 'ATIVO', '2011-12-27', '(73)29973-2654'),
	(130, 'Zachary', 'Harrell', 'in.aliquet.lobortis@ornarelectus.co.uk', '6734', 'MORADOR', 'ATIVO', '2009-05-30', '(62)66960-3595'),
	(131, 'Alexander', 'Bright', 'enim.non@dictumaugue.ca', '3407', 'MORADOR', 'ATIVO', '1993-08-31', '(31)31133-7401'),
	(132, 'Jamal', 'Lindsey', 'quis@telluslorem.com', '5969', 'MORADOR', 'ATIVO', '1934-09-07', '(74)86270-3812'),
	(133, 'Wynter', 'Raymond', 'sed@nislsemconsequat.co.uk', '8310', 'MORADOR', 'ATIVO', '1946-04-21', '(16)92259-6486'),
	(134, 'Neville', 'Norman', 'mauris@tortordictum.ca', '6899', 'MORADOR', 'ATIVO', '1941-06-12', '(28)29156-6106'),
	(135, 'Alec', 'Sims', 'enim.diam@necmauris.edu', '3072', 'MORADOR', 'ATIVO', '1953-11-14', '(59)38924-1209'),
	(136, 'Dolan', 'Flores', 'Cras.pellentesque.Sed@hymenaeosMaurisut.edu', '8617', 'MORADOR', 'ATIVO', '1973-09-04', '(39)44560-1774'),
	(137, 'Alden', 'Mckenzie', 'Praesent.eu@Donec.org', '4102', 'MORADOR', 'ATIVO', '1932-10-20', '(38)59647-7356'),
	(138, 'Xavier', 'Oneill', 'Phasellus.ornare.Fusce@magnaPraesentinterdum.co.uk', '6165', 'MORADOR', 'ATIVO', '1920-08-04', '(88)63602-9476'),
	(139, 'Orson', 'Gonzalez', 'a@est.net', '9316', 'MORADOR', 'ATIVO', '1949-05-28', '(70)36107-3942'),
	(140, 'Raja', 'Miller', 'nisi.nibh@libero.ca', '4011', 'MORADOR', 'ATIVO', '1984-03-18', '(26)42291-4020'),
	(141, 'Wyatt', 'Fields', 'est@diam.com', '4721', 'MORADOR', 'ATIVO', '1941-06-20', '(23)65224-7995'),
	(142, 'Karleigh', 'Michael', 'ut@tellusjusto.org', '2274', 'MORADOR', 'ATIVO', '1999-02-25', '(55)68562-4870'),
	(143, 'Hammett', 'Robles', 'at@loremeumetus.edu', '5529', 'MORADOR', 'ATIVO', '1981-12-29', '(98)18991-1257'),
	(144, 'Whitney', 'Molina', 'Fusce@scelerisquedui.com', '4225', 'MORADOR', 'ATIVO', '1982-07-24', '(72)62608-3320'),
	(145, 'Alfreda', 'Weber', 'nascetur.ridiculus@anteipsumprimis.ca', '1866', 'MORADOR', 'ATIVO', '1959-05-23', '(27)16545-7774'),
	(146, 'Aline', 'Mitchell', 'magna@montes.org', '1449', 'MORADOR', 'ATIVO', '2001-03-12', '(20)00518-8720'),
	(147, 'Inez', 'Donovan', 'ullamcorper.magna.Sed@Maecenaslibero.ca', '4234', 'MORADOR', 'ATIVO', '1963-12-16', '(09)34422-3028'),
	(148, 'Octavius', 'Murphy', 'accumsan.convallis@odioauctor.edu', '7657', 'MORADOR', 'ATIVO', '1967-11-06', '(28)26487-5505'),
	(149, 'Aileen', 'Mcgee', 'Pellentesque.ut.ipsum@leo.org', '5782', 'MORADOR', 'ATIVO', '1928-10-11', '(81)07237-1453'),
	(150, 'Uriah', 'Mcpherson', 'libero.Donec.consectetuer@Donec.ca', '5204', 'MORADOR', 'ATIVO', '2002-01-21', '(07)44081-8196'),
	(151, 'Prescott', 'Douglas', 'eu@CraspellentesqueSed.edu', '5791', 'MORADOR', 'ATIVO', '2008-10-27', '(97)80158-9127'),
	(152, 'Jordan', 'Rodgers', 'nibh.dolor.nonummy@inceptos.net', '5201', 'MORADOR', 'ATIVO', '2007-07-19', '(24)16050-7372'),
	(153, 'Hyacinth', 'Huffman', 'quam.Pellentesque@metusVivamuseuismod.co.uk', '4772', 'MORADOR', 'ATIVO', '1922-01-21', '(82)51235-5829'),
	(154, 'Nasim', 'Love', 'ridiculus@neque.com', '4281', 'MORADOR', 'ATIVO', '1925-07-13', '(15)88400-6146'),
	(155, 'Colorado', 'Barrera', 'egestas@pharetra.co.uk', '9011', 'MORADOR', 'ATIVO', '2021-08-22', '(81)28680-2226'),
	(156, 'Jolie', 'Mcdaniel', 'egestas.Fusce@necleo.com', '6782', 'MORADOR', 'ATIVO', '1989-02-19', '(27)09168-5886'),
	(157, 'Jada', 'Lawrence', 'vitae@sapien.com', '9784', 'MORADOR', 'ATIVO', '2021-08-28', '(02)26963-2434'),
	(158, 'Sylvia', 'Herrera', 'feugiat@orcilobortis.org', '5008', 'MORADOR', 'ATIVO', '1983-01-18', '(62)44536-8299'),
	(159, 'Wyatt', 'Lucas', 'adipiscing.elit.Etiam@maurisipsumporta.net', '9197', 'MORADOR', 'ATIVO', '1992-05-17', '(65)93135-3558'),
	(160, 'Willow', 'Tyson', 'vehicula.aliquet.libero@esttemporbibendum.com', '3496', 'MORADOR', 'ATIVO', '1968-06-24', '(84)41528-1931'),
	(161, 'Amanda', 'Leblanc', 'enim.Curabitur@dictumauguemalesuada.co.uk', '9155', 'MORADOR', 'ATIVO', '1978-02-27', '(35)27256-3677'),
	(162, 'Vernon', 'Dudley', 'orci.adipiscing.non@anteVivamus.org', '4985', 'MORADOR', 'ATIVO', '1964-06-05', '(83)89635-2791'),
	(163, 'Fredericka', 'Joseph', 'Cras.lorem@asollicitudinorci.org', '3497', 'MORADOR', 'ATIVO', '1957-12-31', '(25)19341-2195'),
	(164, 'Wesley', 'Mooney', 'tempor.bibendum@lectusasollicitudin.edu', '2844', 'MORADOR', 'ATIVO', '1936-10-14', '(94)69601-9290'),
	(165, 'Wendy', 'Booker', 'euismod@Aenean.co.uk', '8621', 'MORADOR', 'ATIVO', '1975-08-28', '(84)23552-0163'),
	(166, 'Sopoline', 'Gray', 'luctus@ametdapibus.com', '7762', 'MORADOR', 'ATIVO', '1964-11-01', '(16)79399-7501'),
	(167, 'Reece', 'Walters', 'sed.facilisis@Phasellusvitae.org', '8844', 'MORADOR', 'ATIVO', '1940-02-15', '(05)52889-5409'),
	(168, 'Lillian', 'Blevins', 'fermentum@Cumsociis.co.uk', '8755', 'MORADOR', 'ATIVO', '1961-12-25', '(55)03607-3553'),
	(169, 'Ariana', 'Stout', 'Curabitur@lacus.co.uk', '3648', 'MORADOR', 'ATIVO', '1975-03-27', '(28)87657-1272'),
	(170, 'Tasha', 'Mcgowan', 'nisi.sem.semper@bibendumfermentum.org', '2490', 'MORADOR', 'ATIVO', '2000-04-12', '(63)68872-2171'),
	(171, 'Xandra', 'Mann', 'nascetur.ridiculus.mus@Donecfeugiatmetus.edu', '2613', 'MORADOR', 'ATIVO', '1941-07-02', '(70)45511-2131'),
	(172, 'Sopoline', 'Moon', 'lobortis@facilisis.net', '3050', 'MORADOR', 'ATIVO', '1953-09-18', '(32)91584-0787'),
	(173, 'Gray', 'Mcclure', 'ultricies.ornare.elit@metusIn.org', '5922', 'MORADOR', 'ATIVO', '1987-11-03', '(18)40239-7376'),
	(174, 'Carlos', 'Ortega', 'mollis@In.net', '8679', 'MORADOR', 'ATIVO', '1982-08-25', '(88)21814-2597'),
	(175, 'Francesca', 'Fox', 'nec@penatibusetmagnis.net', '1154', 'MORADOR', 'ATIVO', '2021-02-04', '(24)81357-1886'),
	(176, 'Yvette', 'Cabrera', 'diam.lorem.auctor@atsemmolestie.net', '7789', 'MORADOR', 'ATIVO', '1987-07-04', '(44)64967-4074'),
	(177, 'Eliana', 'Landry', 'fringilla@nonjusto.ca', '1145', 'MORADOR', 'ATIVO', '1945-03-03', '(09)46161-7653'),
	(178, 'Madonna', 'Oconnor', 'dignissim.tempor.arcu@molestietortor.ca', '4966', 'MORADOR', 'ATIVO', '1939-07-12', '(67)85319-0715'),
	(179, 'Robin', 'Petersen', 'Donec.porttitor.tellus@tellus.org', '9191', 'MORADOR', 'ATIVO', '1999-01-16', '(87)13729-0339'),
	(180, 'Keely', 'Gill', 'lorem@Ut.ca', '1445', 'MORADOR', 'ATIVO', '2018-02-06', '(07)14269-8753'),
	(181, 'Driscoll', 'White', 'felis.eget.varius@elementumdui.org', '1691', 'MORADOR', 'ATIVO', '1961-11-09', '(08)85718-4238'),
	(182, 'Valentine', 'Keller', 'ultrices@natoquepenatibuset.net', '8120', 'MORADOR', 'ATIVO', '2000-12-17', '(85)66914-4131'),
	(183, 'Hiram', 'Pugh', 'Nam@loremtristique.edu', '2130', 'MORADOR', 'ATIVO', '1999-01-12', '(07)84280-0527'),
	(184, 'Victor', 'Conway', 'ut@nectempusmauris.edu', '6056', 'MORADOR', 'ATIVO', '1966-08-01', '(80)82243-6506'),
	(185, 'Christine', 'Mcdaniel', 'metus.eu.erat@imperdiet.ca', '2187', 'MORADOR', 'ATIVO', '1931-10-27', '(84)54807-7140'),
	(186, 'Lyle', 'Crane', 'pede.Cras.vulputate@Phasellus.net', '5646', 'MORADOR', 'ATIVO', '1928-04-18', '(95)16666-7016'),
	(187, 'Fleur', 'Hebert', 'lectus@sit.edu', '7162', 'MORADOR', 'ATIVO', '1923-03-18', '(08)78401-6378'),
	(188, 'Hasad', 'Mcmahon', 'ac.mattis@augue.ca', '5088', 'MORADOR', 'ATIVO', '1933-04-23', '(33)43123-4382'),
	(189, 'Dana', 'Schmidt', 'varius.orci.in@acfacilisisfacilisis.com', '9120', 'MORADOR', 'ATIVO', '2007-10-01', '(50)87229-5976'),
	(190, 'Ezekiel', 'Solomon', 'velit.dui.semper@ipsum.net', '9310', 'MORADOR', 'ATIVO', '1956-12-27', '(99)05417-4890'),
	(191, 'Athena', 'Brennan', 'lacus@vestibulumMauris.ca', '3734', 'MORADOR', 'ATIVO', '1935-04-01', '(71)21835-7427'),
	(192, 'Brittany', 'Wyatt', 'non.enim.Mauris@lacusvariuset.net', '7662', 'MORADOR', 'ATIVO', '1987-03-30', '(14)47000-0923'),
	(193, 'Solomon', 'Vaughan', 'porttitor.tellus@enim.org', '9153', 'MORADOR', 'ATIVO', '2006-06-22', '(36)16942-2790'),
	(194, 'Oliver', 'Salazar', 'id@laoreet.org', '4685', 'MORADOR', 'ATIVO', '1949-04-08', '(70)85129-7850'),
	(195, 'Blaine', 'Graham', 'odio.Aliquam.vulputate@odioauctorvitae.edu', '9005', 'MORADOR', 'ATIVO', '1981-01-06', '(80)92079-4134'),
	(196, 'Martena', 'Cabrera', 'consectetuer.adipiscing.elit@mitemporlorem.edu', '9309', 'MORADOR', 'ATIVO', '1921-10-21', '(46)76717-2811'),
	(197, 'Justine', 'Charles', 'sit.amet.ante@nonummyFusce.net', '2754', 'MORADOR', 'ATIVO', '2019-06-18', '(84)94798-2168'),
	(198, 'Desirae', 'Osborne', 'nisi.Mauris.nulla@Praesenteudui.org', '9556', 'MORADOR', 'ATIVO', '1923-08-15', '(25)11309-4761'),
	(199, 'Quamar', 'Henson', 'interdum@Nuncpulvinar.org', '5942', 'MORADOR', 'ATIVO', '2005-02-22', '(35)76379-0423'),
	(200, 'Ethan', 'Glenn', 'mi.tempor@commodoipsum.edu', '6957', 'MORADOR', 'ATIVO', '2021-12-10', '(34)75339-5768'),
	(201, 'Whitney', 'Gentry', 'enim.Mauris@dolor.edu', '2538', 'MORADOR', 'ATIVO', '1929-11-21', '(76)06042-8019'),
	(202, 'Joao', 'Pereira', 'joao@gmail.com', '$2y$10$KpXupioDxbK8Fd6pAkvZ6uO3JiZVsTnfXOID7PTOrlonSEsDAUrae', 'MORADOR', 'ATIVO', NULL, NULL);
/*!40000 ALTER TABLE `usuarios` ENABLE KEYS */;

/*!40101 SET SQL_MODE=IFNULL(@OLD_SQL_MODE, '') */;
/*!40014 SET FOREIGN_KEY_CHECKS=IFNULL(@OLD_FOREIGN_KEY_CHECKS, 1) */;
/*!40101 SET CHARACTER_SET_CLIENT=@OLD_CHARACTER_SET_CLIENT */;
/*!40111 SET SQL_NOTES=IFNULL(@OLD_SQL_NOTES, 1) */;
